Place;Thinking time;VP from Military Conflicts (Victory);VP from Military Conflicts (Defeat);VP from Treasury Contents;VP from Wonder; VP from Civilian Structures;VP from Scientific Structures;VP from Commercial Structures;VP from Guilds;Constructed stages of the Wonder;Cards discarded;Chained constructions;Coins spent on commerce;Coins gained through commerce;Shields;Wonder side A;Wonder ID;Civilian Structures;Scientific Structures;Guilds;Military Structures;Commercial Structures;Raw Materials;Manufactured Goods
1st (64);03:54;17;0;5;13;10;0;3;16;3;0;0;6;16;9;no;8;2;0;2;5;2;3;1
2nd (55);03:58;3;-5;3;3;31;0;8;12;3;0;2;16;6;2;no;14;7;0;2;1;5;3;0
3rd (49);05:16;11;-2;4;3;6;10;10;7;3;0;1;6;4;5;no;9;1;2;1;2;4;3;3
4th (48);03:59;7;-3;3;0;7;25;0;9;2;0;4;3;8;4;no;13;1;5;2;2;3;2;1
5th (47);04:10;10;-3;6;5;11;0;3;15;3;1;1;6;10;6;no;10;3;0;1;2;4;3;1
6th (40);02:50;4;-3;2;3;11;21;2;0;1;2;5;12;5;4;no;11;2;6;0;2;1;2;2
1st (59);02:43;14;-1;7;5;14;0;3;17;3;0;1;13;18;9;no;10;3;0;1;4;3;2;2
2nd (54);03:13;0;-6;2;3;14;38;3;0;3;1;7;5;2;0;no;14;4;7;1;0;2;3;0
3rd (53);02:27;17;-1;2;7;28;0;0;0;2;1;2;10;6;10;no;11;6;0;0;4;1;3;1
4th (52);03:37;0;-6;10;20;6;1;8;13;4;0;0;8;15;0;no;8;1;1;2;0;3;5;2
5th (51);03:50;10;-2;5;7;27;0;0;4;3;1;0;4;7;4;no;13;4;0;1;3;3;2;1
6th (47);03:28;12;-1;3;10;2;0;2;19;3;1;2;14;6;8;no;12;1;0;3;4;4;2;0
1st (62);03:02;18;0;3;7;11;1;0;22;3;0;2;2;10;8;no;13;2;1;3;4;1;3;1
2nd (55);03:11;5;-4;2;10;8;31;3;0;3;0;6;22;2;5;no;12;2;6;1;2;2;1;1
3rd (54);02:12;17;0;2;10;18;0;0;7;3;1;0;12;6;7;yes;3;4;0;1;4;2;2;1
4th (53);04:13;1;-2;5;20;6;0;4;19;4;0;1;8;15;5;no;8;1;0;2;3;4;2;2
5th (48);02:22;3;-4;9;7;25;0;2;6;2;1;2;5;20;4;no;11;5;0;1;1;3;4;1
6th (39);04:54;0;-4;6;3;23;1;10;0;3;0;2;11;7;5;no;14;5;1;0;2;6;4;0
1st (66);02:43;16;0;4;3;27;0;0;16;2;0;1;12;20;8;no;9;5;0;2;4;1;3;2
2nd (66);02:11;8;-3;3;0;8;50;0;0;1;1;8;2;6;2;no;13;2;10;0;1;1;1;1
3rd (57);03:25;1;-4;1;3;17;26;3;10;2;0;5;16;8;1;no;14;3;6;1;1;3;2;2
4th (53);03:12;14;-1;12;5;8;0;7;8;3;1;0;8;21;9;no;10;2;0;0;4;3;3;2
5th (53);05:51;11;-2;0;7;26;0;0;11;2;2;2;20;7;4;no;11;6;0;2;1;1;3;1
6th (46);02:17;0;-4;6;20;8;0;9;7;4;0;2;11;7;7;no;8;2;0;1;3;5;3;0
1st (61);04:43;5;0;4;10;20;13;0;9;3;0;4;14;12;5;no;12;4;4;1;2;1;2;1
2nd (55);04:02;0;-4;10;20;6;0;10;13;4;0;0;18;15;2;no;8;1;0;2;1;6;4;0
3rd (51);03:39;9;-3;2;7;8;26;2;0;3;0;5;6;10;6;no;13;2;7;0;3;1;2;0
4th (45);05:48;13;-1;4;7;2;0;3;17;2;1;1;11;6;10;no;11;1;0;3;5;3;3;0
5th (45);05:52;14;-2;4;3;18;4;4;0;3;0;1;7;15;11;no;9;3;1;0;5;4;2;2
6th (42);06:17;0;-3;5;5;25;0;3;7;3;1;1;8;6;5;no;10;5;0;1;2;3;2;1
1st (64);03:45;11;-1;2;7;34;0;0;11;3;0;2;4;8;5;no;13;7;0;1;3;1;3;0
2nd (56);03:56;10;-1;6;5;15;0;3;18;3;1;1;7;8;6;no;10;3;0;1;2;4;2;2
3rd (55);05:37;4;-3;4;3;3;31;4;9;3;1;2;4;0;1;no;14;1;7;1;1;2;3;2
4th (53);03:50;6;-3;7;7;5;0;10;21;2;0;2;5;11;4;no;11;2;0;3;1;5;5;0
5th (52);04:12;5;-3;12;10;10;0;14;4;3;0;3;6;8;3;no;12;2;0;1;1;7;4;0
6th (45);03:52;11;-2;4;3;7;16;6;0;3;1;2;16;7;7;no;9;1;4;0;3;3;2;3
1st (74);03:24;0;-6;1;3;0;76;0;0;3;3;5;17;8;0;no;14;0;11;1;0;1;1;1
2nd (66);02:47;18;0;2;20;11;0;5;10;4;0;0;5;9;6;no;8;2;0;1;3;2;5;1
3rd (63);02:42;9;-1;11;10;0;0;12;22;3;0;2;16;16;5;no;12;0;0;3;3;5;4;0
4th (48);03:06;0;-6;4;10;18;10;4;8;3;1;0;4;11;0;yes;2;3;2;1;0;2;4;2
5th (44);03:09;9;0;6;10;19;0;0;0;3;0;0;8;12;11;yes;4;3;0;0;4;3;3;2
6th (41);02:41;5;0;4;5;20;0;4;3;3;0;2;16;10;11;no;10;4;0;0;5;4;1;1
1st (56);02:59;4;-2;0;3;4;47;0;0;3;2;4;20;8;3;no;14;1;8;1;2;2;1;1
2nd (55);03:43;3;-4;5;10;28;9;4;0;3;0;3;14;13;2;no;12;5;3;0;1;1;4;1
3rd (54);06:09;11;-2;2;3;25;0;0;15;2;3;1;17;16;7;no;9;5;0;2;3;2;3;0
4th (52);03:50;16;-1;8;5;3;0;3;18;3;1;1;11;18;10;no;10;1;0;2;4;3;3;1
5th (52);02:53;5;-3;5;7;8;18;4;8;2;0;6;9;7;7;no;11;2;5;1;2;4;1;1
6th (43);02:17;7;-2;6;7;16;0;3;6;3;0;1;7;16;9;no;13;4;0;1;4;2;3;1
1st (79);02:41;17;0;4;3;32;0;0;23;1;0;1;7;16;6;no;11;6;0;2;3;3;3;0
2nd (64);03:32;0;-6;2;3;0;55;4;6;3;2;5;14;3;0;no;14;0;10;1;0;2;1;2
3rd (57);04:07;9;-1;10;5;21;0;8;5;3;0;1;5;16;6;no;10;4;0;0;3;5;3;0
4th (54);03:09;10;0;4;20;3;0;4;13;4;1;1;14;12;9;no;8;1;0;2;4;3;2;1
5th (49);04:20;8;-1;4;7;10;13;0;8;3;1;3;12;8;6;no;13;2;4;1;3;2;1;1
6th (47);03:36;0;-4;1;3;21;16;3;7;3;1;2;12;9;1;no;9;4;3;1;1;1;3;3
1st (63);02:52;0;-5;9;10;13;26;0;10;3;0;2;11;27;1;no;12;2;5;2;1;1;2;2
2nd (56);03:35;15;-1;4;7;28;0;3;0;3;0;2;5;3;7;no;13;6;0;0;4;4;1;0
3rd (53);05:00;0;-4;3;3;12;26;4;9;3;1;0;2;3;2;no;14;2;6;1;1;2;3;2
4th (52);03:45;11;-2;2;20;8;0;5;8;4;1;0;22;16;5;no;8;1;0;1;3;3;5;0
5th (52);03:19;15;0;2;7;19;0;2;7;2;0;2;10;2;9;no;11;5;0;1;3;2;5;0
6th (39);04:01;5;-2;3;5;9;0;3;16;3;0;1;5;4;8;no;10;3;0;2;3;5;2;0
1st (69);03:16;18;0;9;7;6;0;9;20;2;0;2;6;18;7;no;11;2;0;3;2;2;5;2
2nd (61);03:41;9;-1;2;10;19;0;4;18;3;0;2;14;8;5;yes;3;3;0;2;3;4;2;1
3rd (60);02:19;14;0;11;7;15;10;3;0;3;1;2;4;25;8;no;13;3;3;0;4;1;3;0
4th (56);03:23;0;-6;0;3;24;31;4;0;3;2;5;16;5;0;no;14;5;7;0;0;1;1;2
5th (52);02:47;8;-3;4;20;10;0;4;9;4;0;3;8;16;5;no;8;2;0;1;2;4;4;1
6th (45);03:34;0;-5;1;3;6;31;3;6;3;0;1;26;2;0;no;9;2;5;2;0;7;0;2
1st (66);03:51;16;0;0;3;18;26;3;0;3;0;5;14;4;6;no;14;4;6;0;3;3;1;1
2nd (58);03:34;16;-1;2;20;3;0;9;9;4;1;0;17;6;7;no;8;1;0;1;3;3;5;0
3rd (58);03:19;17;0;1;7;16;0;2;15;2;0;2;7;0;8;no;11;3;0;2;3;4;3;1
4th (55);02:54;0;-4;6;10;0;43;0;0;3;1;6;8;11;2;no;12;0;9;0;1;1;2;1
5th (50);03:15;0;-5;7;3;26;1;3;15;3;0;2;0;15;0;no;9;5;0;2;0;3;4;3
6th (44);02:54;1;-4;10;7;17;0;6;7;3;1;0;2;12;3;no;13;3;0;1;2;3;3;2
1st (63);03:57;17;0;2;7;15;0;3;19;2;1;1;22;8;9;no;11;3;0;2;3;4;3;0
2nd (60);03:02;16;-2;5;7;11;13;0;10;3;2;3;10;18;7;no;13;2;4;1;3;0;2;1
3rd (59);02:54;18;0;3;3;20;4;3;8;3;0;1;10;13;4;no;9;4;0;2;3;3;3;1
4th (51);04:01;0;-6;5;3;6;43;0;0;3;2;3;8;16;0;no;14;1;9;0;0;0;4;2
5th (49);03:11;1;-4;4;5;32;0;7;4;3;0;1;16;16;3;no;10;6;0;0;2;4;2;1
6th (48);02:26;1;-5;6;20;5;0;9;12;4;0;1;15;10;1;no;8;2;0;2;1;6;1;2
1st (80);03:23;18;0;5;20;11;0;4;22;4;0;2;6;12;6;no;8;2;0;2;3;4;3;0
2nd (56);03:21;5;-3;1;3;0;48;2;0;3;1;5;10;2;5;no;9;0;8;0;2;2;2;2
3rd (55);06:43;13;-1;5;5;20;0;7;6;3;0;1;9;10;6;no;10;4;0;0;3;3;3;2
4th (53);04:41;0;-4;7;7;36;4;3;0;3;0;2;6;11;2;no;13;7;2;0;1;3;2;0
5th (49);04:07;10;-2;5;7;0;13;4;12;2;1;3;15;6;8;no;11;0;3;3;2;4;3;0
6th (45);04:28;0;-4;6;10;12;13;0;8;3;0;3;10;15;5;no;12;2;4;1;2;0;4;2
1st (72);04:19;16;0;8;3;0;31;6;8;3;1;4;3;16;5;no;9;0;6;1;2;2;2;3
2nd (58);06:20;16;0;3;20;19;0;0;0;4;1;2;13;19;10;no;8;3;0;0;5;2;3;0
3rd (57);02:50;9;-2;6;7;22;4;5;6;3;0;2;16;15;3;no;13;4;2;1;2;3;2;1
4th (57);03:22;9;-2;2;5;10;0;0;33;3;0;1;7;6;8;no;10;2;0;3;4;3;1;2
5th (55);03:05;0;-5;3;3;8;43;3;0;3;2;7;4;2;0;no;14;2;8;1;0;2;3;0
6th (53);03:52;0;-5;3;10;30;0;6;9;3;0;3;20;5;0;no;12;8;0;1;0;4;2;0
1st (62);03:29;11;-2;4;7;20;0;0;22;2;0;2;16;7;4;no;11;5;0;3;1;2;4;1
2nd (61);03:59;8;-1;8;10;33;0;3;0;3;0;4;8;12;5;no;12;7;0;0;2;3;3;0
3rd (58);04:42;18;0;5;7;4;0;6;18;3;2;1;8;11;7;no;13;1;0;2;4;3;3;0
4th (54);04:27;1;-5;6;3;18;18;6;7;3;0;0;5;18;1;no;9;3;3;2;1;2;3;3
5th (54);04:47;10;-1;2;3;11;26;3;0;3;1;3;12;9;8;no;14;2;6;0;3;2;3;1
6th (50);04:25;0;-5;1;8;3;43;0;0;2;1;5;13;5;0;yes;1;1;9;0;0;3;0;2
1st (55);03:34;4;-3;3;3;14;26;0;8;2;0;2;8;8;3;yes;7;2;5;2;2;2;2;2
2nd (53);02:47;5;-3;5;3;0;43;0;0;2;0;5;14;14;5;yes;2;0;8;0;2;2;2;2
3rd (52);03:26;10;-2;7;3;23;0;3;8;2;0;2;12;16;8;yes;5;5;0;1;3;3;4;0
4th (50);02:45;16;-1;2;10;20;0;3;0;3;2;0;9;4;8;yes;6;4;0;0;4;2;3;0
5th (49);02:26;10;-2;8;20;8;0;5;0;4;1;1;2;18;7;no;8;2;0;0;4;2;5;0
6th (45);03:17;4;-4;4;5;5;0;8;23;3;1;0;19;4;3;no;10;1;0;3;2;5;1;2
1st (68);03:17;18;0;4;7;16;0;0;23;2;0;3;9;12;8;no;11;3;0;3;3;2;3;2
2nd (59);03:03;8;-1;3;10;20;0;3;16;3;0;1;8;6;5;yes;3;4;0;2;2;2;3;2
3rd (53);04:22;6;-3;3;3;6;26;6;6;2;0;3;13;4;4;yes;7;1;6;1;2;6;1;0
4th (52);02:49;0;-4;3;20;23;0;0;10;4;1;1;8;14;2;no;8;5;0;1;1;2;4;0
5th (50);04:18;5;0;5;3;0;25;12;0;3;1;3;10;6;5;no;9;0;5;0;2;3;3;3
6th (46);03:21;3;-4;7;2;18;13;7;0;1;0;4;6;12;3;no;12;3;4;0;2;4;3;1
1st (56);02:53;17;0;4;7;17;0;2;9;2;2;2;12;4;10;no;11;4;0;1;4;3;2;0
2nd (52);02:30;0;-3;7;10;14;16;0;8;3;1;3;8;15;3;no;12;2;4;1;2;2;3;0
3rd (51);02:50;11;-1;9;3;17;1;3;8;2;2;2;5;19;9;no;9;3;1;1;4;3;2;2
4th (51);02:34;0;-6;3;7;25;0;3;19;3;0;3;2;8;0;no;13;6;0;3;0;2;3;1
5th (46);03:20;10;-1;1;10;10;16;0;0;3;1;3;10;2;7;yes;7;2;4;0;3;3;3;0
6th (42);03:08;6;-3;5;5;7;0;9;13;3;1;0;15;4;7;no;10;1;0;1;3;4;2;3
1st (65);04:56;16;-2;3;3;5;31;9;0;3;1;5;12;4;7;no;9;1;6;0;3;2;1;3
2nd (63);04:45;2;-4;8;15;10;0;13;19;3;0;2;6;2;1;yes;1;2;0;2;1;6;4;0
3rd (63);03:39;16;-2;5;7;27;0;4;6;3;1;2;0;10;5;no;13;6;0;1;2;1;4;0
4th (60);03:12;16;-2;6;7;25;0;0;8;2;0;2;12;9;9;no;11;5;0;1;3;3;3;1
5th (54);02:53;2;-4;7;5;20;0;6;18;3;0;0;8;18;3;no;10;4;0;2;2;3;1;3
6th (53);04:05;2;-4;5;10;6;28;0;6;3;0;5;9;4;1;no;12;1;7;1;1;3;2;0
1st (68);02:42;16;-1;5;20;12;0;4;12;4;0;0;8;2;7;no;8;2;0;1;3;3;3;2
2nd (61);03:35;9;-3;8;10;30;0;0;7;3;2;1;18;16;3;no;12;5;0;1;2;2;3;0
3rd (61);03:42;15;0;5;7;16;0;4;14;2;0;0;16;13;8;no;11;3;0;2;3;2;4;2
4th (61);04:24;0;-5;4;3;2;50;0;7;3;2;5;8;13;0;no;14;1;10;1;0;0;3;1
5th (46);03:03;3;-3;6;5;9;0;5;21;3;1;3;5;8;5;no;10;3;0;2;3;5;1;0
6th (45);04:59;6;-3;5;3;16;10;8;0;3;1;1;2;5;6;no;9;3;2;0;3;3;2;3
1st (61);03:48;18;0;6;7;15;0;4;11;2;1;1;8;0;8;no;11;3;0;1;3;4;3;1
2nd (59);03:02;0;-6;3;0;4;50;0;8;2;1;7;7;12;0;no;13;1;10;1;0;1;1;1
3rd (59);05:29;9;-3;2;3;8;10;5;25;3;1;1;14;9;3;no;14;2;3;3;2;2;5;0
4th (52);03:14;8;-2;8;10;28;0;0;0;3;0;3;4;14;7;no;12;6;0;0;3;3;3;0
5th (52);03:49;10;0;6;5;17;0;9;5;3;0;2;8;6;7;no;10;3;0;0;4;6;1;1
6th (49);03:26;1;-5;2;20;10;0;6;15;4;0;0;8;8;3;no;8;2;0;2;2;1;4;3
1st (70);02:50;0;-6;0;2;3;62;0;9;1;1;7;8;0;0;no;14;1;11;1;0;1;2;1
2nd (62);03:23;13;-1;3;7;21;0;3;16;3;1;0;10;8;5;no;13;4;0;2;3;1;3;1
3rd (61);03:15;18;0;4;3;32;0;4;0;1;0;2;4;11;7;no;11;5;0;0;3;3;4;2
4th (61);03:30;8;-4;4;5;16;0;6;26;3;0;1;8;14;7;no;10;3;0;2;3;1;3;3
5th (50);03:27;11;-1;6;20;0;0;4;10;4;0;1;11;2;12;no;8;0;0;1;5;5;3;0
6th (39);02:46;0;-4;10;10;3;16;4;0;3;0;4;5;11;6;no;12;1;3;1;3;4;1;2
1st (59);05:02;13;-1;9;7;6;0;11;14;3;0;1;2;3;6;no;13;1;0;2;4;5;3;0
2nd (54);02:56;11;-2;6;7;14;0;6;12;2;2;3;8;0;7;no;11;3;0;1;2;6;2;0
3rd (53);03:25;2;-4;9;10;22;0;5;9;3;0;1;0;16;1;yes;5;4;0;1;1;1;5;3
4th (49);03:53;9;-3;6;5;15;0;3;14;3;1;1;9;11;8;no;10;4;0;1;4;2;3;0
5th (48);05:43;8;-4;1;20;14;1;0;8;4;0;2;8;0;5;no;8;3;1;1;2;2;3;2
6th (40);05:51;10;-3;1;3;0;21;0;8;2;2;4;9;6;11;no;9;0;6;1;4;1;1;3
1st (69);02:18;16;-2;7;7;22;0;0;19;3;0;2;10;13;7;no;13;4;0;2;3;3;3;0
2nd (57);02:06;16;-2;7;5;17;0;8;6;3;1;0;5;7;7;no;10;3;0;0;3;3;5;0
3rd (52);02:17;2;-4;2;10;0;34;0;8;3;0;4;7;4;1;yes;5;0;6;2;1;3;1;2
4th (49);02:56;1;-4;2;10;2;26;4;8;3;1;4;14;6;1;yes;2;1;5;1;1;4;1;1
5th (48);02:26;13;0;0;3;27;5;0;0;2;1;3;6;3;6;yes;7;6;3;0;3;2;2;0
6th (42);02:36;1;-3;7;10;11;0;11;5;3;1;0;2;11;3;yes;4;2;0;1;1;2;5;3
1st (60);03:39;8;-2;6;20;6;0;6;16;4;0;0;6;8;5;no;8;1;0;2;2;4;4;1
2nd (59);04:41;0;-5;5;3;13;38;5;0;3;1;4;18;14;0;no;9;3;7;0;0;3;2;1
3rd (53);03:21;18;0;6;5;13;0;3;8;2;1;0;13;12;10;no;12;2;0;1;5;3;4;0
4th (50);04:44;9;-3;3;10;17;1;0;13;3;0;0;14;17;3;yes;7;4;1;2;2;2;3;2
5th (46);03:59;11;-1;0;7;11;10;2;6;3;1;2;10;3;9;no;13;2;3;1;4;2;1;1
6th (39);04:07;1;-4;2;5;21;0;0;14;3;0;1;9;16;9;no;10;4;0;1;4;2;2;2
1st (65);03:27;18;0;7;7;8;0;7;18;2;0;2;10;9;7;no;11;2;0;3;3;5;3;0
2nd (57);03:00;8;-3;7;10;22;0;4;9;3;0;3;3;9;3;no;12;4;0;1;2;4;4;0
3rd (57);03:10;17;0;4;3;23;10;0;0;2;0;1;8;12;9;no;14;4;3;0;4;1;4;2
4th (48);03:53;0;-4;6;20;5;1;6;14;4;0;0;12;6;1;no;8;1;1;2;1;4;4;1
5th (45);03:15;8;-3;10;5;14;0;4;7;3;1;0;5;16;8;no;10;3;0;0;3;4;4;0
6th (45);03:00;0;-5;0;0;12;33;0;5;0;4;5;20;6;0;no;13;3;8;1;0;0;0;2
1st (57);02:49;18;0;7;7;16;1;8;0;2;1;2;6;6;6;no;11;3;1;0;3;4;4;0
2nd (53);04:55;0;-6;10;7;0;31;3;8;3;2;4;4;18;3;no;13;0;7;1;1;1;2;1
3rd (53);02:55;11;-3;5;10;7;1;7;15;3;1;1;18;3;6;no;12;1;1;2;3;3;2;2
4th (51);03:56;11;-1;3;5;25;0;0;8;3;1;2;1;6;9;no;10;5;0;0;4;2;3;0
5th (48);02:58;9;-1;2;3;22;0;6;7;2;0;2;12;2;6;no;9;5;0;1;3;6;1;1
6th (34);04:16;1;-5;4;15;10;0;3;6;3;1;1;6;12;3;yes;1;2;0;1;2;3;3;3
1st (65);03:09;5;-3;3;2;0;55;3;0;1;1;5;9;11;4;no;14;0;10;0;2;2;3;0
2nd (62);02:50;11;-2;5;7;13;0;2;26;3;0;0;4;12;6;no;13;2;0;3;3;2;4;1
3rd (56);03:19;17;0;3;3;10;10;5;8;2;0;2;5;2;6;yes;2;2;1;2;3;5;2;1
4th (51);02:32;0;-5;4;5;28;0;11;8;3;0;4;4;2;0;no;10;7;0;0;0;5;3;0
5th (48);03:12;14;-1;8;7;11;0;0;9;2;0;1;10;14;11;no;11;3;0;2;4;2;4;1
6th (47);03:19;3;-3;2;5;28;10;2;0;2;0;3;18;9;3;no;12;6;3;0;2;3;1;1
1st (62);04:09;8;-1;7;10;24;0;4;10;3;0;1;6;10;5;no;12;5;0;1;2;1;4;2
2nd (61);04:35;18;0;2;7;16;10;0;8;3;0;2;8;6;8;no;13;3;3;1;4;1;2;1
3rd (55);06:06;0;-5;8;3;6;36;7;0;3;3;4;8;12;0;no;9;1;4;1;0;4;4;1
4th (43);05:50;5;-3;2;20;19;0;0;0;4;1;1;8;11;8;no;8;4;0;0;3;2;4;0
5th (40);02:47;18;0;1;5;5;0;1;10;3;2;0;12;3;10;no;10;1;0;1;5;2;1;3
6th (35);03:18;0;-6;4;0;20;0;0;17;0;1;3;3;3;5;no;11;5;0;2;2;4;3;1
1st (53);04:50;12;-1;2;7;13;1;0;19;3;0;0;13;10;8;no;13;2;1;3;4;2;2;1
2nd (51);03:55;0;-4;7;20;13;0;8;7;4;0;1;4;10;2;no;8;3;0;1;1;4;3;2
3rd (50);06:57;5;-3;3;3;22;10;4;6;3;1;2;16;5;5;no;9;4;2;1;2;3;3;2
4th (48);03:54;9;-2;5;5;5;17;3;6;3;1;5;9;12;6;no;10;1;5;0;3;3;1;1
5th (47);03:06;10;-1;6;10;0;0;0;22;3;2;1;8;8;7;no;12;0;0;3;4;2;4;0
6th (43);02:55;10;-3;7;7;13;0;9;0;2;0;1;10;15;13;no;11;3;0;0;4;4;5;0
1st (62);03:38;17;0;6;7;13;0;8;11;2;0;1;8;10;12;no;11;2;0;1;4;3;4;2
2nd (56);03:34;17;0;2;5;27;0;5;0;2;1;1;11;7;5;no;10;6;0;0;3;3;1;2
3rd (55);03:35;8;-2;5;3;18;0;7;16;3;0;2;6;10;5;no;14;4;0;2;3;5;2;2
4th (53);02:33;3;-4;7;7;26;0;0;14;3;0;3;6;14;2;no;13;7;0;2;1;2;3;0
5th (46);03:40;5;-4;3;5;15;16;2;4;2;1;3;16;9;3;no;12;3;4;1;1;3;3;0
6th (33);03:29;0;-4;6;3;0;18;4;6;3;1;1;7;4;4;no;9;0;4;1;2;5;3;2
1st (69);02:33;18;0;3;7;30;0;2;9;3;0;1;6;12;6;no;13;6;0;1;3;2;2;1
2nd (68);02:50;17;0;3;5;18;0;4;21;3;2;0;18;16;6;no;10;3;0;2;3;1;2;2
3rd (64);03:05;17;0;7;3;22;0;5;10;1;0;1;6;6;6;no;11;4;0;1;3;5;4;0
4th (56);04:19;0;-6;0;3;0;43;0;16;3;0;4;10;2;0;no;14;0;9;2;0;4;1;2
5th (45);06:04;0;-6;8;3;5;18;8;9;3;2;4;13;13;5;no;9;2;4;1;2;5;2;0
6th (43);03:11;0;-4;10;10;10;10;7;0;3;1;2;11;15;4;no;12;2;3;0;2;3;4;0
1st (66);02:41;0;-6;8;2;0;62;0;0;1;2;6;8;20;0;no;14;0;11;0;0;2;2;1
2nd (62);04:12;13;-1;3;3;11;9;14;10;3;0;3;20;8;4;no;9;2;2;1;3;5;2;2
3rd (53);03:54;9;-2;5;10;15;10;0;6;3;0;0;12;13;5;no;12;3;3;1;3;2;3;0
4th (50);04:26;8;-4;2;5;21;0;4;14;3;0;2;12;7;7;no;10;4;0;1;3;4;2;1
5th (49);04:40;6;-4;6;7;22;0;3;9;3;1;0;6;7;6;no;13;4;0;1;3;3;3;0
6th (45);06:09;15;0;4;7;9;0;0;10;2;1;0;14;17;11;no;11;2;0;2;4;1;5;1
1st (72);03:21;18;0;1;5;4;0;3;41;3;0;0;13;8;6;no;10;1;0;4;4;2;3;1
2nd (59);03:59;3;-3;2;3;16;38;0;0;3;2;6;7;5;2;no;14;3;8;0;1;2;1;1
3rd (58);03:09;0;-4;17;3;9;4;14;15;3;2;2;12;21;0;no;9;2;1;2;0;7;2;2
4th (56);02:45;10;-1;6;10;27;0;4;0;3;1;2;12;13;6;no;12;6;0;0;2;1;4;1
5th (50);02:52;16;-1;2;20;0;0;5;8;4;2;2;9;4;7;no;8;0;0;1;3;5;3;0
6th (44);03:36;1;-5;5;7;33;0;3;0;3;1;1;6;8;1;no;13;7;0;0;1;2;3;1
1st (60);04:06;4;-3;5;10;6;38;0;0;3;0;5;7;7;1;no;12;1;7;1;1;3;1;1
2nd (54);03:15;16;0;0;7;14;9;0;8;3;0;2;12;6;11;no;13;3;3;1;5;2;1;0
3rd (53);02:39;16;0;3;15;6;0;0;13;3;1;1;8;13;11;yes;1;1;0;2;5;2;4;0
4th (52);04:34;9;-2;5;3;15;4;9;9;3;0;1;4;12;6;no;14;2;2;1;3;3;5;2
5th (46);02:28;0;-4;4;5;23;0;4;14;3;0;0;10;10;3;no;10;4;0;1;2;3;3;2
6th (44);03:59;5;-5;8;3;5;25;3;0;3;3;4;9;2;3;no;9;1;5;0;1;4;3;1
1st (63);02:36;18;0;7;7;20;0;0;11;2;2;2;9;12;6;no;11;4;0;1;3;4;2;0
2nd (58);04:23;13;0;6;5;15;0;0;19;3;1;1;4;10;7;no;10;3;0;2;3;1;5;0
3rd (51);02:50;3;-3;4;20;18;0;3;6;4;0;1;6;14;4;no;8;3;0;1;2;3;4;1
4th (50);02:50;0;-5;8;10;25;5;7;0;3;0;2;12;11;0;no;12;6;3;0;0;2;2;2
5th (46);04:11;0;-6;1;0;0;36;2;13;2;1;5;12;6;0;no;13;0;8;2;0;2;1;2
6th (46);03:48;15;-1;1;3;8;18;2;0;3;1;1;18;8;7;no;9;2;3;1;3;5;2;1
1st (64);02:02;8;-2;3;5;0;50;0;0;2;0;7;4;4;2;no;12;0;10;0;1;1;2;2
2nd (58);03:32;0;-5;7;3;14;21;8;10;3;0;3;4;10;0;no;9;3;5;1;0;3;2;3
3rd (57);02:59;13;-1;3;7;29;0;0;6;2;0;2;2;4;7;no;11;6;0;1;2;2;5;0
4th (56);03:13;16;-1;1;5;17;0;0;18;3;0;2;6;10;8;no;10;3;0;2;4;2;3;1
5th (54);03:17;10;-2;7;20;10;0;9;0;4;0;0;10;3;5;no;8;2;0;0;3;5;4;0
6th (42);05:34;1;-3;1;3;22;9;0;9;2;1;3;10;5;3;no;14;5;3;1;2;3;2;1
1st (66);04:51;0;-6;4;3;0;48;0;17;2;0;4;8;15;0;no;14;0;9;2;0;3;3;1
2nd (63);06:22;13;-1;1;13;23;0;0;14;3;2;2;29;10;1;no;8;5;0;1;1;3;2;1
3rd (62);04:41;5;-5;5;3;15;25;6;8;3;1;3;12;18;3;no;9;3;5;1;1;1;3;3
4th (58);02:28;12;-1;9;7;14;0;8;9;3;0;3;4;7;8;no;13;4;0;1;4;5;1;0
5th (54);05:35;17;0;4;7;17;0;2;7;2;0;1;6;6;11;no;11;3;0;1;4;2;3;3
6th (43);03:53;5;-3;1;5;24;0;0;11;3;0;2;3;6;9;no;10;6;0;1;4;2;2;0
1st (67);04:34;17;0;5;7;16;10;5;7;2;0;2;16;5;7;no;11;3;3;1;2;5;2;0
2nd (63);02:42;18;0;4;7;7;0;5;22;3;0;1;4;11;11;no;13;2;0;2;5;2;3;1
3rd (59);04:29;1;-4;9;5;17;0;11;20;3;0;1;11;12;1;no;10;3;0;2;1;5;1;3
4th (50);04:25;0;-6;3;3;7;43;0;0;2;0;4;2;12;0;no;14;2;8;1;0;2;4;1
5th (47);05:19;13;-2;4;3;17;1;7;4;2;1;1;10;6;8;no;9;4;1;1;3;4;5;0
6th (47);03:47;3;-4;2;5;19;16;0;6;2;0;3;9;6;7;no;12;3;4;1;3;2;2;1
1st (65);02:50;18;0;7;5;5;0;5;25;3;0;1;4;6;7;no;10;1;0;2;4;5;3;0
2nd (58);03:14;5;-4;0;3;0;48;6;0;3;0;3;12;2;4;no;9;0;7;1;2;2;2;3
3rd (56);03:07;3;-4;10;10;23;4;0;10;3;0;2;4;22;3;no;12;4;2;1;2;1;3;2
4th (55);02:47;0;-5;4;3;17;33;3;0;3;0;5;6;7;0;no;14;3;8;0;0;2;3;2
5th (50);05:10;16;-1;3;10;10;4;8;0;3;0;4;15;8;12;yes;6;2;2;0;5;5;1;0
6th (48);02:55;10;-2;1;7;18;0;0;14;2;0;0;18;14;11;no;11;4;0;2;4;1;3;2
1st (64);02:30;16;0;11;10;7;0;10;10;3;0;2;8;18;9;yes;5;1;0;1;4;4;2;3
2nd (60);04:32;0;-5;3;3;4;55;0;0;3;1;4;8;6;0;no;14;1;9;1;0;1;3;2
3rd (50);03:03;8;-2;7;7;14;0;9;7;2;0;3;5;6;7;no;11;4;0;1;2;6;3;0
4th (48);03:42;9;-1;4;10;19;0;7;0;3;1;1;10;6;6;yes;3;4;0;0;3;2;4;1
5th (47);02:31;11;0;4;3;20;0;4;5;1;1;3;6;9;9;yes;2;5;0;1;4;3;1;2
6th (37);04:18;0;-4;5;15;13;1;3;4;3;2;0;16;8;5;yes;1;2;1;1;2;4;2;1
1st (65);02:53;18;0;5;5;11;0;8;18;3;1;1;17;9;9;no;10;3;0;1;4;5;1;0
2nd (57);02:45;8;-4;2;20;17;0;4;10;4;1;0;13;13;2;no;8;3;0;1;1;2;4;2
3rd (56);03:06;16;0;1;3;9;18;0;9;2;0;5;4;6;11;no;14;2;5;1;5;1;3;1
4th (51);02:22;1;-4;6;10;20;0;0;18;3;1;0;10;12;1;no;12;5;0;3;1;2;3;0
5th (49);03:18;5;-5;14;3;7;4;15;6;3;1;1;4;15;5;no;9;2;1;1;2;6;2;3
6th (40);02:52;4;-3;4;0;22;9;4;0;0;0;2;7;0;3;no;11;4;2;1;2;4;4;1
1st (60);02:47;0;-5;4;7;6;48;0;0;3;1;5;6;14;0;no;13;1;9;0;0;1;2;1
2nd (60);03:56;18;0;3;7;17;10;5;0;2;0;2;14;10;8;no;11;3;2;1;3;2;5;0
3rd (56);04:01;8;-2;4;3;27;9;2;5;2;0;3;12;17;3;no;14;6;3;1;2;3;2;1
4th (53);03:56;10;-4;4;20;7;0;4;12;4;0;1;8;12;8;no;8;2;0;2;3;3;3;1
5th (52);03:05;13;-2;4;10;19;0;3;5;3;1;0;23;12;8;no;12;4;0;1;3;2;4;0
6th (50);02:37;4;-4;9;3;15;0;10;13;2;2;1;16;14;3;no;9;3;0;2;2;6;1;2
1st (59);02:53;0;-5;7;20;7;0;10;20;4;0;2;11;8;0;no;8;2;0;3;0;6;2;1
2nd (59);04:59;18;0;2;5;19;0;2;13;3;1;1;12;6;6;no;10;4;0;1;4;3;1;1
3rd (58);03:52;16;-1;8;7;20;0;0;8;2;0;0;8;17;9;no;11;3;0;1;3;3;4;2
4th (54);03:28;13;-3;8;10;20;0;6;0;3;0;1;12;14;8;yes;5;5;0;0;3;3;3;1
5th (49);04:08;1;-5;2;3;0;48;0;0;3;3;3;18;16;1;no;9;0;7;1;1;0;2;3
6th (48);04:09;5;-3;2;7;21;0;1;15;3;2;1;8;8;6;no;13;4;0;2;3;1;3;0
1st (61);04:28;16;0;7;3;21;13;1;0;1;0;3;6;14;4;no;11;4;4;0;1;3;4;1
2nd (58);04:01;11;-2;2;3;24;2;4;14;3;0;1;10;12;4;no;14;5;2;2;2;2;3;2
3rd (55);05:24;0;-4;2;10;32;0;0;15;3;1;3;17;7;0;no;12;8;0;2;0;2;2;0
4th (53);05:10;0;-5;3;7;3;38;7;0;3;0;5;7;3;0;no;13;1;7;1;0;4;2;0
5th (49);03:46;12;-1;5;5;6;0;4;18;3;0;1;8;4;8;no;10;1;0;2;4;4;2;2
6th (45);03:13;11;-2;5;20;6;0;5;0;4;0;2;6;14;9;no;8;1;0;0;4;3;5;1
1st (58);03:16;8;-2;6;7;0;36;3;0;3;0;4;6;14;3;no;13;0;8;0;2;2;3;0
2nd (57);03:38;4;-3;2;2;0;43;3;6;1;1;6;14;2;1;no;12;0;9;1;1;3;2;0
3rd (57);03:05;13;-1;1;3;27;1;0;13;3;1;2;10;10;8;no;14;5;1;2;4;0;3;2
4th (54);03:05;13;-2;5;15;2;0;6;15;3;0;0;5;15;8;yes;1;1;0;2;3;4;2;3
5th (53);03:35;5;-2;2;7;31;0;0;10;2;0;1;14;6;6;no;11;6;0;1;3;2;3;1
6th (44);02:37;5;-4;9;5;7;0;9;13;3;1;2;7;9;6;no;10;2;0;1;2;6;3;0
1st (59);04:53;14;-1;12;7;8;0;4;15;2;1;1;2;25;9;no;11;2;0;2;3;3;4;1
2nd (56);02:47;13;0;2;7;19;0;4;11;3;0;2;10;1;6;no;13;4;0;2;3;4;2;0
3rd (53);04:45;0;-5;2;3;24;26;3;0;3;1;3;11;10;0;no;14;4;6;0;0;3;3;1
4th (49);03:38;11;-2;10;10;6;2;7;5;3;0;2;9;14;6;no;12;1;2;1;3;4;4;0
5th (46);03:04;0;-5;5;3;9;25;9;0;3;1;2;22;6;6;no;9;2;3;1;2;4;2;3
6th (42);02:26;9;-2;4;5;8;0;0;18;3;1;1;7;5;8;no;10;2;0;2;4;2;3;1
1st (67);03:03;13;-2;7;10;15;18;6;0;3;0;4;22;17;5;no;12;3;5;0;2;3;1;1
2nd (62);02:22;4;-4;9;20;14;0;4;15;4;0;0;12;31;4;no;8;2;0;2;3;2;3;2
3rd (53);04:51;18;0;3;7;9;4;5;7;2;0;4;19;4;13;no;11;2;2;1;5;5;1;0
4th (49);03:25;8;-3;2;10;16;16;0;0;3;0;2;5;10;5;yes;7;4;3;1;2;3;3;0
5th (46);04:14;0;-2;2;3;4;36;0;3;3;2;6;10;4;3;no;9;1;7;1;1;2;2;1
6th (45);04:03;0;-2;3;7;20;0;6;11;3;0;3;4;6;3;no;13;5;0;2;1;3;2;2
1st (67);03:21;12;-1;6;7;28;0;3;12;3;0;0;14;13;5;no;13;5;0;1;3;2;3;1
2nd (64);02:52;13;-1;7;10;16;0;4;15;3;0;1;4;10;5;no;12;3;0;2;3;3;2;2
3rd (52);04:54;13;-2;8;3;0;21;3;6;3;0;6;8;16;9;no;14;0;6;1;4;3;3;1
4th (50);04:05;0;-6;2;3;4;38;4;5;3;1;4;14;8;0;no;9;1;6;2;0;4;1;2
5th (47);03:30;5;-3;2;20;23;0;0;0;4;0;4;8;8;8;no;8;5;0;0;3;4;2;0
6th (36);04:59;2;-2;2;3;22;0;2;7;1;3;2;14;7;8;no;11;5;0;1;3;2;2;1
1st (72);02:05;17;0;5;7;19;0;0;24;3;1;0;3;9;6;no;13;3;0;2;3;3;2;1
2nd (58);03:21;17;0;3;7;5;0;4;22;2;0;2;12;11;10;no;11;2;0;3;4;1;4;2
3rd (58);04:48;0;-6;1;3;5;48;0;7;3;1;4;12;10;0;no;14;2;8;2;0;3;1;1
4th (45);04:08;0;-6;6;5;26;0;7;7;3;0;1;13;17;5;no;10;5;0;0;2;3;3;2
5th (45);03:25;0;-4;3;3;12;31;0;0;3;2;2;4;6;1;no;9;2;6;0;1;2;2;2
6th (44);03:34;18;0;6;5;9;1;5;0;2;1;0;18;9;9;no;12;2;1;0;5;4;3;0
1st (63);02:57;3;-4;11;10;25;0;7;11;3;0;2;16;15;2;no;12;6;0;1;1;4;3;0
2nd (57);03:59;5;-4;2;3;8;43;0;0;2;0;6;10;10;3;no;14;2;9;0;1;1;4;1
3rd (56);07:00;18;0;3;7;15;1;6;6;2;1;0;8;2;6;no;11;3;1;1;2;1;4;3
4th (52);03:14;13;-1;3;7;13;0;2;15;3;1;0;8;6;7;no;13;2;0;2;4;3;2;1
5th (50);03:02;14;-2;7;3;4;13;3;8;3;0;1;9;16;9;no;9;1;2;2;4;4;3;1
6th (48);03:10;0;-6;5;10;12;13;6;8;3;0;4;4;6;0;yes;3;2;4;1;0;6;2;0
1st (60);02:59;15;0;2;3;18;1;3;18;2;1;1;14;14;7;no;14;5;1;2;4;1;3;1
2nd (59);03:09;17;-1;5;7;28;0;3;0;3;0;0;2;5;8;no;13;5;0;0;4;2;3;1
3rd (56);03:22;0;-6;7;3;0;38;6;8;3;1;2;7;14;0;no;9;0;6;2;0;3;2;3
4th (55);03:54;5;-2;2;10;6;26;0;8;3;1;3;18;9;5;no;12;1;6;1;2;1;3;0
5th (54);03:06;10;-2;5;20;10;0;4;7;4;1;2;10;7;2;no;8;3;0;1;2;4;2;1
6th (53);03:32;0;-4;8;10;14;1;9;15;3;0;4;4;6;2;yes;3;2;1;2;1;7;2;0
1st (67);03:27;5;-3;4;3;15;37;6;0;3;1;3;4;7;1;no;9;2;5;1;1;2;2;3
2nd (66);05:20;16;-2;1;10;7;1;4;29;3;0;1;10;4;5;yes;3;2;1;3;2;3;2;2
3rd (55);06:36;12;-2;9;10;0;0;8;18;3;0;2;11;10;7;no;12;0;0;3;4;5;3;0
4th (53);02:57;15;-1;6;7;20;0;6;0;3;1;1;14;15;9;no;13;4;0;0;5;2;3;0
5th (48);08:04;1;-5;2;2;17;31;0;0;1;0;2;4;12;1;no;14;3;7;0;1;1;4;2
6th (48);03:51;5;-5;1;20;23;0;4;0;4;0;4;5;0;3;no;8;6;0;0;1;4;3;0
1st (59);05:19;11;-1;2;5;12;16;0;14;3;0;5;13;14;7;no;10;3;3;2;3;1;1;2
2nd (57);05:44;8;-3;8;7;14;0;6;17;2;0;0;8;10;4;no;11;3;0;2;1;3;6;1
3rd (57);06:06;0;-4;5;10;10;25;4;7;3;0;5;18;6;0;no;12;2;6;1;0;4;1;1
4th (50);08:23;18;0;4;3;9;4;3;9;3;1;0;8;11;7;no;9;2;1;2;4;2;3;2
5th (49);03:56;1;-4;6;20;14;0;12;0;4;0;3;4;6;3;no;8;3;0;0;2;5;3;1
6th (36);09:35;10;-2;4;3;18;0;0;3;3;0;2;4;8;12;no;14;3;0;1;5;4;4;1
1st (57);07:36;12;-2;4;3;6;31;3;0;3;0;5;8;8;8;no;14;1;7;0;4;2;2;2
2nd (53);04:00;14;-1;7;3;17;1;0;12;1;0;2;4;21;9;no;11;4;1;2;3;2;3;2
3rd (52);06:07;0;-4;1;20;20;0;0;15;4;1;2;11;7;1;no;8;4;0;2;1;3;2;1
4th (51);03:28;11;-3;4;10;20;1;0;8;3;1;1;14;10;7;no;12;4;1;1;3;2;2;1
5th (49);07:05;11;-2;5;10;8;0;5;12;3;1;2;11;6;6;yes;6;1;0;2;3;5;2;1
6th (39);03:58;4;-4;3;3;0;26;7;0;3;1;3;10;6;6;no;9;0;5;0;3;3;3;2
1st (70);04:25;0;-3;5;3;7;45;7;6;3;1;4;14;6;0;no;9;1;6;2;0;4;3;1
2nd (51);03:06;5;-3;5;5;21;0;3;15;3;0;1;6;14;3;no;10;5;0;1;1;3;3;2
2rd (51);03:27;9;-2;5;7;25;0;7;0;3;0;1;12;5;4;no;13;5;0;0;3;4;3;0
4th (49);02:55;16;0;3;7;13;0;2;8;2;0;1;9;10;13;no;11;2;0;1;5;3;4;1
5th (48);02:43;8;-3;3;0;9;31;0;0;0;2;6;8;8;5;no;12;3;7;0;2;2;1;1
6th (40);04:12;9;-2;4;3;18;0;0;8;3;0;2;6;12;10;no;14;4;0;2;5;3;3;1
1st (77);02:15;8;-3;1;2;7;62;0;0;1;0;6;4;6;2;no;14;1;11;0;1;0;3;2
2nd (62);04:23;8;-3;3;20;24;0;4;6;4;0;1;4;5;2;no;8;4;0;1;1;3;4;1
3rd (58);03:46;0;-4;7;3;9;31;12;0;3;0;6;3;2;0;no;9;2;6;0;0;7;1;1
4th (54);02:39;13;-1;3;7;12;0;5;15;2;0;0;10;8;9;no;11;2;0;2;4;1;5;2
5th (49);03:15;10;-2;4;7;8;0;0;22;3;0;1;10;10;12;no;13;2;0;3;5;2;3;0
6th (48);04:49;9;-1;7;0;15;1;6;11;0;0;4;8;8;9;no;10;3;1;1;4;6;2;1
1st (68);02:31;10;-1;6;10;14;0;3;26;3;0;1;8;6;4;no;12;3;0;3;2;2;3;2
2nd (57);05:23;1;-5;6;3;12;38;2;0;2;1;4;12;10;1;no;14;3;8;0;1;2;2;1
3rd (54);03:46;11;-2;4;20;7;0;8;6;4;1;0;11;12;4;no;8;1;0;1;2;4;4;1
4th (53);03:35;18;0;5;7;20;0;3;0;2;0;1;12;10;12;no;11;3;0;0;5;3;5;0
5th (48);03:30;9;-3;2;5;23;0;0;12;2;0;1;9;10;6;no;10;4;0;2;3;3;2;2
6th (36);03:31;0;-6;4;7;4;25;2;0;3;0;3;3;7;3;no;13;1;4;1;1;4;3;1
1st (80);03:36;16;0;4;3;14;0;0;43;2;0;0;2;14;4;no;14;3;0;5;2;2;5;1
2nd (57);05:05;0;-4;0;3;17;41;0;0;3;2;7;16;10;2;no;9;3;8;0;1;1;1;1
3rd (49);02:48;12;-1;6;7;19;0;6;0;2;2;2;12;8;8;no;11;4;0;0;3;3;4;0
4th (48);03:21;8;-3;3;20;17;0;3;0;4;0;0;14;14;7;no;8;3;0;0;3;3;3;2
5th (46);06:25;0;-5;8;5;15;1;14;8;3;2;1;11;0;0;no;10;4;1;0;0;5;0;3
6th (39);03:47;14;-1;5;7;6;0;0;8;3;1;0;2;11;13;no;13;1;0;1;6;2;4;0
1st (61);06:58;16;0;4;3;18;0;7;13;3;1;1;8;8;4;no;14;4;0;2;2;4;3;2
2nd (56);03:54;9;-3;9;10;25;0;6;0;3;0;2;8;16;6;yes;3;5;0;0;3;3;4;0
3rd (53);03:04;0;-5;5;3;2;48;0;0;3;3;4;10;10;0;no;9;1;8;0;0;3;2;0
4th (49);02:47;13;-1;1;3;7;0;4;22;1;0;0;16;6;8;no;11;2;0;3;4;2;4;2
5th (46);05:05;14;-2;3;20;11;0;0;0;4;0;1;10;11;9;no;8;2;0;0;4;4;3;1
6th (43);02:54;0;-5;7;10;22;0;3;6;3;2;2;9;10;2;no;12;5;0;1;1;3;3;0
1st (68);04:34;5;-5;1;2;4;48;4;9;1;1;7;10;5;5;no;14;1;8;2;2;2;0;2
2nd (64);02:30;17;0;8;5;6;0;10;18;3;0;1;1;16;8;no;10;1;0;1;4;2;4;3
3rd (64);02:27;18;0;6;7;17;0;6;10;2;0;2;8;10;8;no;11;3;0;1;3;5;4;0
4th (61);03:04;0;-6;2;7;13;26;0;19;3;0;3;12;6;0;no;13;3;6;2;0;2;2;0
5th (55);03:55;13;-1;1;3;25;10;4;0;3;0;2;9;4;3;no;9;5;2;0;2;4;2;2
6th (46);02:43;0;-5;3;20;9;0;4;15;4;1;0;8;7;3;no;8;2;0;2;2;3;4;0
1st (71);04:12;13;-1;1;3;28;4;0;23;3;0;4;18;12;3;no;14;7;2;3;2;1;2;1
2nd (65);03:50;16;0;7;10;29;0;3;0;3;0;1;22;14;7;no;12;5;0;0;3;2;4;1
3rd (51);03:46;0;-5;6;10;0;31;0;9;3;0;3;8;20;2;yes;6;0;6;2;1;2;3;1
4th (48);04:57;10;-4;6;3;15;1;11;6;3;1;1;12;12;8;no;9;3;0;1;3;5;2;3
5th (46);03:11;0;-5;4;3;15;21;0;8;1;0;3;12;18;3;no;11;4;6;1;1;2;2;1
6th (45);03:47;13;-1;2;13;9;0;3;6;3;1;0;10;6;7;no;8;2;0;1;4;2;4;1
1st (54);03:21;16;-2;7;10;16;1;0;6;3;1;1;20;24;10;no;12;4;1;1;4;1;3;0
2nd (53);03:10;3;-1;6;5;17;10;8;5;3;0;5;11;10;3;no;10;4;3;0;2;5;0;1
3rd (52);05:04;8;-4;1;20;12;0;6;9;4;0;1;14;6;5;no;8;2;0;1;2;6;2;1
4th (50);03:23;6;-3;5;0;3;26;2;11;2;0;2;10;13;4;no;13;1;6;1;2;3;3;0
5th (50);03:49;1;-2;3;3;15;26;4;0;2;0;2;14;15;3;no;14;3;5;1;2;2;4;1
6th (45);06:06;10;-2;5;3;16;4;4;5;3;1;0;16;17;9;no;9;3;1;1;4;3;2;2
1st (70);02:41;16;0;5;7;19;0;4;19;2;1;1;9;6;4;no;11;5;0;2;1;3;4;0
2nd (60);03:43;18;0;6;5;5;0;3;23;3;1;0;8;4;7;no;10;1;0;2;4;4;2;1
3rd (53);05:15;18;0;1;3;10;21;0;0;3;3;2;16;9;6;no;14;2;6;0;3;0;3;1
4th (51);03:27;0;-5;2;10;23;21;0;0;3;0;5;13;7;0;no;12;6;6;0;0;1;2;0
5th (48);03:34;0;-5;12;7;13;10;5;6;3;0;1;2;11;0;no;13;2;3;1;0;5;3;1
6th (47);03:50;0;-6;9;3;16;4;7;14;3;2;1;4;15;0;no;9;3;1;2;0;5;3;1
1st (68);04:21;12;-1;9;7;14;9;8;10;3;0;2;8;6;3;no;13;2;3;1;2;5;2;0
2nd (50);03:13;6;-2;14;7;2;0;9;14;2;1;0;4;14;6;no;11;1;0;2;2;4;3;3
3rd (50);04:09;0;-5;1;20;29;0;0;5;4;1;2;10;10;2;no;8;6;0;1;1;1;3;1
4th (49);04:37;6;-2;8;10;14;10;3;0;3;1;2;6;7;4;no;12;3;2;1;2;1;4;1
5th (44);04:49;12;-1;1;3;7;16;6;0;3;0;2;13;5;8;no;9;1;3;0;4;4;1;3
6th (41);04:27;6;-3;1;3;23;0;0;11;3;2;1;10;9;4;no;14;6;0;2;2;3;3;0
1st (54);04:01;12;-2;6;3;4;10;14;7;3;0;0;18;5;8;no;9;1;2;1;4;5;2;3
2nd (51);04:38;3;-4;5;20;13;0;5;9;4;0;2;5;11;4;no;8;2;0;1;2;5;2;2
3rd (51);04:08;14;-1;2;3;28;0;0;5;1;1;2;12;2;7;no;11;6;0;1;3;2;2;2
4th (48);05:37;10;-2;6;3;15;10;0;6;3;1;2;3;19;6;no;14;3;3;1;3;3;4;0
5th (43);03:32;2;-4;7;10;15;0;3;10;3;2;2;5;10;5;yes;3;3;0;1;3;3;3;0
6th (36);04:15;10;-4;5;10;5;10;0;0;3;0;0;16;12;11;no;12;2;3;0;4;1;4;1
1st (66);05:27;13;0;1;5;21;26;0;0;2;0;5;15;16;6;no;10;5;5;1;3;0;1;1
2nd (64);04:07;17;0;5;3;27;0;4;8;3;0;2;5;7;7;no;14;6;0;1;4;4;2;1
3rd (55);03:18;0;-6;1;2;8;50;0;0;1;0;7;9;9;2;no;12;1;10;0;1;1;3;1
4th (50);04:51;5;-3;4;15;20;0;3;6;3;1;3;11;6;6;yes;1;5;0;1;2;4;1;1
5th (49);02:56;9;-2;3;10;6;0;0;23;3;0;1;4;11;6;yes;4;1;0;3;2;3;4;2
6th (43);02:48;3;-4;3;10;5;18;4;4;3;0;2;6;1;2;yes;2;1;4;1;1;3;3;2
1st (62);05:02;16;-1;3;15;26;0;3;0;3;1;1;6;6;5;yes;1;6;0;0;2;2;4;0
2nd (58);03:43;13;-2;3;3;0;36;5;0;3;0;6;14;3;7;no;9;0;4;1;3;8;0;1
3rd (57);04:00;14;-2;5;7;0;9;4;20;3;0;1;10;20;6;no;13;0;3;3;3;1;4;1
4th (54);04:27;5;-2;3;5;21;0;4;18;3;1;1;13;9;4;no;10;4;0;1;3;4;2;0
5th (53);04:30;0;-5;0;3;19;36;0;0;3;1;5;8;6;0;no;14;4;8;0;0;0;3;2
6th (52);05:39;2;-4;11;10;25;0;4;4;3;1;0;8;15;1;no;12;5;0;1;1;3;2;2
1st (58);04:50;14;0;3;3;13;25;0;0;3;1;4;14;8;7;no;9;3;5;0;3;3;2;0
2nd (56);03:48;11;-1;4;5;10;0;9;18;3;0;2;13;6;10;no;10;2;0;1;5;4;2;1
3rd (52);03:13;0;-3;13;10;13;0;13;6;3;1;1;10;14;1;no;12;3;0;1;1;4;2;3
4th (48);02:43;0;-5;6;7;22;1;0;17;3;0;0;2;14;3;no;13;4;1;2;1;3;4;0
5th (43);04:21;4;-2;0;3;4;25;0;9;3;2;4;10;2;3;no;14;1;6;1;2;3;2;1
6th (39);03:12;13;-1;1;8;6;4;0;8;2;0;1;4;9;11;no;8;1;1;2;5;0;5;2
1st (63);03:00;10;-2;11;20;4;0;10;10;4;0;1;8;12;5;no;8;1;0;1;2;6;4;0
2nd (58);02:22;13;-1;3;3;24;0;2;14;2;1;2;10;6;4;no;9;5;0;2;3;3;2;2
3rd (56);02:47;16;0;1;10;12;0;5;12;3;0;2;15;6;11;yes;4;2;0;1;4;5;3;0
4th (54);03:02;0;-4;2;5;10;25;0;16;3;0;3;6;10;2;no;10;2;6;1;1;0;2;3
5th (49);02:29;0;-5;2;3;11;38;0;0;3;0;3;8;10;1;no;14;3;8;0;1;1;3;2
6th (44);02:42;9;-2;1;7;11;18;0;0;3;0;3;6;9;6;no;13;3;4;1;3;1;2;1
1st (74);04:16;18;0;8;7;13;0;7;21;3;0;0;6;6;3;no;13;3;0;2;2;4;4;0
2nd (59);03:30;0;-6;1;5;4;55;0;0;2;2;5;14;2;0;no;12;1;10;0;0;0;1;2
3rd (55);04:43;0;-6;9;3;24;13;4;8;3;0;4;5;20;0;no;9;4;3;1;0;4;3;2
4th (51);04:01;17;-1;1;5;19;0;0;10;3;0;1;7;8;11;no;10;5;0;1;5;1;2;1
5th (50);04:48;9;-1;1;20;13;0;2;6;4;0;0;20;16;6;no;8;3;0;1;3;4;2;1
6th (47);04:34;2;-2;7;7;20;0;5;8;2;0;2;11;11;6;no;11;4;0;1;2;5;3;1
1st (62);02:30;18;0;9;3;14;0;9;9;1;1;3;5;4;7;no;11;2;0;1;3;7;2;1
2nd (62);03:49;0;-5;1;3;8;55;0;0;2;0;4;6;1;1;yes;2;2;9;0;1;1;2;1
3rd (58);03:24;7;-2;1;5;27;0;3;17;3;0;0;11;6;5;no;10;5;0;1;3;2;3;1
4th (54);03:50;3;-4;8;20;6;0;10;11;4;0;3;6;8;5;no;8;1;0;2;2;6;3;0
5th (52);02:08;10;-3;2;10;0;25;0;8;3;0;3;4;9;6;yes;6;0;6;1;2;0;3;3
6th (52);03:44;13;-1;1;10;21;0;0;8;3;0;1;6;10;6;yes;7;5;0;1;3;2;4;1
1st (58);03:04;11;-2;4;20;9;0;10;6;4;0;2;7;6;4;no;8;2;0;1;2;6;2;1
2nd (55);03:45;7;-2;1;3;7;13;0;26;1;0;1;12;8;3;yes;2;1;3;4;2;2;2;3
3rd (54);02:45;9;-2;6;10;15;0;4;12;3;1;1;10;8;6;no;12;3;0;1;3;3;4;0
4th (48);04:22;12;-1;2;5;14;0;0;16;3;1;0;12;14;11;no;10;3;0;1;5;1;3;1
5th (45);03:24;5;-3;14;7;5;0;10;7;2;0;0;5;14;8;no;11;1;0;1;2;6;4;2
6th (36);03:10;0;-4;1;3;35;1;0;0;1;1;4;6;2;3;yes;7;8;1;0;1;1;3;2
1st (63);02:53;13;-1;8;7;20;0;8;8;2;0;1;8;14;6;no;11;4;0;1;3;4;2;2
2nd (61);03:33;18;0;3;5;13;0;0;22;3;1;1;9;14;7;no;10;2;0;2;4;3;2;1
3rd (56);03:34;5;-4;6;10;14;25;0;0;3;0;4;12;19;3;no;12;3;6;0;1;0;4;1
4th (52);05:10;14;-2;2;3;24;4;0;7;3;0;3;15;6;9;no;14;4;2;1;4;3;3;1
5th (50);03:01;3;-4;2;7;0;38;0;4;3;1;1;14;17;2;no;13;0;7;2;1;2;2;0
6th (46);03:38;0;-6;0;20;19;0;7;6;4;0;4;18;6;3;no;8;6;0;1;1;3;2;1
1st (62);03:16;8;-3;2;20;19;1;8;7;4;0;2;14;7;2;no;8;4;1;1;1;4;2;1
2nd (56);02:57;0;-5;9;10;4;38;0;0;3;1;5;10;14;0;no;12;2;8;0;0;3;0;1
3rd (56);03:33;17;0;5;3;5;16;10;0;3;0;3;10;12;8;no;9;1;2;1;4;5;3;1
4th (51);05:25;14;-2;5;7;17;0;0;10;2;0;1;7;14;12;no;11;4;0;2;4;3;3;0
5th (50);03:16;0;-5;6;7;35;0;3;4;3;0;2;4;12;3;no;13;7;0;1;2;2;3;0
6th (47);04:43;13;-1;2;3;0;10;4;16;3;1;3;16;2;7;no;14;0;4;2;4;3;2;2
1st (66);05:25;18;0;7;10;10;0;3;18;3;2;1;12;17;6;yes;4;2;0;2;3;3;2;1
2nd (54);03:10;13;-1;4;5;26;0;0;7;3;0;3;1;13;9;no;10;5;0;0;4;3;3;0
3rd (53);04:40;13;-2;4;7;18;10;3;0;3;0;2;4;7;7;no;13;3;3;0;3;2;3;1
4th (49);04:51;7;-2;2;15;12;0;7;8;3;2;0;14;5;5;yes;1;2;0;1;3;4;2;1
5th (41);04:15;0;-5;3;3;14;16;7;3;3;0;3;17;4;0;no;9;4;4;1;0;5;1;2
6th (40);03:58;0;-5;3;10;12;0;5;15;3;0;1;6;8;1;yes;7;3;0;2;1;3;5;2
1st (67);03:53;18;0;10;3;15;0;12;9;2;0;1;6;15;3;yes;4;3;0;1;1;5;5;1
2nd (67);04:33;15;-1;2;20;7;0;4;20;4;0;1;13;6;9;no;8;2;0;2;4;4;2;0
3rd (60);03:46;0;-6;4;10;8;26;0;18;3;0;2;12;10;0;no;12;2;6;2;0;3;1;1
4th (55);03:17;13;0;2;3;25;0;5;7;3;0;0;10;6;7;no;14;4;0;1;4;3;5;1
5th (48);02:53;0;-6;12;3;14;16;9;0;3;4;2;10;15;0;no;9;3;3;0;0;3;1;3
6th (34);03:24;3;-4;1;5;0;26;0;3;3;1;7;5;4;7;no;10;0;7;0;3;1;1;2
1st (59);05:43;10;-2;6;5;23;0;9;8;3;0;2;9;8;3;no;10;4;0;0;1;5;3;2
2nd (56);04:00;4;-4;5;13;8;10;3;17;3;0;2;16;7;1;no;8;2;2;3;1;5;2;0
3rd (54);03:56;0;-3;1;3;22;21;0;10;2;1;5;2;4;0;no;14;6;6;1;0;0;3;1
4th (51);03:55;9;-3;6;7;14;1;3;14;3;0;1;4;14;8;no;13;2;1;2;4;3;3;0
5th (49);04:41;8;-3;2;3;7;18;6;8;3;3;2;12;4;5;no;9;1;4;1;2;1;3;3
6th (48);03:23;18;0;7;7;12;0;4;0;2;1;3;4;10;11;no;11;2;0;0;5;4;4;0
1st (69);03:38;0;-4;3;3;7;55;5;0;2;0;5;17;6;0;no;14;1;9;1;0;5;2;0
2nd (63);02:51;18;0;9;10;19;0;7;0;3;0;2;12;13;7;no;12;3;0;0;4;3;4;1
3rd (62);04:09;4;-4;2;20;8;0;6;26;4;0;0;12;11;3;no;8;2;0;3;2;2;2;3
4th (61);05:01;13;-2;4;5;17;0;0;24;3;0;2;12;14;8;no;10;5;0;2;3;1;1;3
5th (54);03:54;16;-1;9;7;21;0;2;0;2;0;2;3;9;7;no;11;5;0;0;2;4;5;0
6th (51);04:31;1;-5;2;3;10;25;0;15;3;1;3;7;10;1;no;9;2;5;2;1;3;2;1
1st (59);03:37;16;-1;2;3;0;26;6;7;3;1;3;16;12;6;no;9;0;4;2;3;2;3;2
2nd (54);03:04;17;-1;2;7;21;0;0;8;3;0;2;4;10;11;no;13;5;0;1;5;1;3;0
3rd (53);04:20;8;-3;2;2;13;31;0;0;1;1;3;4;8;5;no;14;2;7;0;2;1;3;2
4th (51);04:11;1;-4;4;20;11;0;0;19;4;0;1;8;12;1;no;8;4;0;2;1;2;5;0
5th (49);03:31;2;-4;5;7;25;10;4;0;2;0;2;12;10;3;no;11;4;3;0;1;4;2;2
6th (40);04:19;8;-3;1;5;16;4;0;9;3;0;4;10;2;7;no;10;3;2;1;3;4;1;1
1st (60);02:47;16;0;5;7;23;0;4;5;2;2;2;24;16;6;no;11;5;0;1;2;4;1;1
2nd (58);03:41;0;-4;10;10;4;38;0;0;3;0;2;12;30;1;no;12;1;7;1;1;0;3;2
3rd (54);03:08;17;0;2;20;0;5;0;10;4;0;2;16;12;8;no;8;0;3;1;4;4;2;0
4th (52);02:45;8;-3;6;3;26;0;12;0;2;0;2;8;14;5;no;9;6;0;0;2;5;3;2
5th (50);04:58;1;-4;5;10;19;0;5;14;3;1;0;14;14;1;yes;3;4;0;2;1;4;2;1
6th (49);02:59;8;-3;3;7;25;0;3;6;3;1;0;16;4;7;no;13;5;0;1;3;3;2;0
1st (62);03:14;18;0;6;10;11;0;4;13;3;0;1;14;6;6;no;12;2;0;2;4;3;4;0
2nd (60);03:42;11;-2;6;3;0;25;9;8;3;0;4;12;5;5;no;9;0;4;1;2;4;3;3
3rd (58);03:02;1;-5;13;20;15;0;14;0;4;0;0;2;20;1;no;8;2;0;0;1;4;4;3
4th (56);04:41;0;-6;0;3;12;38;0;9;3;1;2;4;2;0;no;14;2;7;2;0;1;4;1
5th (50);03:05;13;0;1;7;20;0;0;9;3;1;0;2;1;8;no;13;5;0;1;4;1;2;1
6th (41);03:44;5;-3;2;7;17;0;0;13;2;0;0;6;6;8;no;11;4;0;2;2;3;4;1
1st (63);03:53;16;0;5;7;19;0;0;16;2;0;0;12;21;10;no;11;4;0;2;4;0;5;1
2nd (56);04:33;0;-4;4;3;5;48;0;0;3;1;4;6;14;1;no;14;1;9;0;1;1;3;2
3rd (54);02:31;13;0;5;7;8;0;5;16;3;0;2;6;4;9;no;13;2;0;2;4;5;2;0
4th (54);02:38;9;-1;3;20;14;0;9;0;4;0;4;14;4;6;no;8;4;0;0;3;5;1;1
5th (48);03:43;9;-2;2;10;15;0;0;14;3;0;1;17;0;8;no;12;3;0;2;4;2;2;2
6th (37);02:10;0;-6;7;5;20;0;8;3;3;0;3;0;12;3;no;10;5;0;0;1;5;3;1
1st (62);04:54;8;-1;2;2;17;9;4;21;1;0;2;22;11;2;no;12;3;3;3;1;2;4;1
2nd (54);02:21;14;0;6;7;0;16;5;6;2;0;5;4;5;11;no;11;0;4;1;4;5;2;0
3rd (49);03:31;0;-5;4;3;6;38;3;0;3;4;3;14;5;0;no;14;1;8;0;0;2;3;0
4th (47);03:39;8;-2;5;20;8;0;8;0;4;1;1;6;0;6;no;8;2;0;0;4;3;2;2
5th (46);04:01;10;-2;9;5;6;0;0;18;3;0;2;1;20;8;no;10;2;0;2;3;4;3;1
6th (39);03:30;5;-3;2;3;32;0;0;0;2;0;2;1;7;8;no;9;7;0;0;4;1;3;2
1st (56);03:49;8;-3;8;7;16;0;6;14;3;0;0;7;7;4;no;13;3;0;2;2;4;3;1
2nd (56);05:19;17;0;0;10;16;0;0;13;3;0;1;5;2;8;yes;4;3;0;2;3;2;5;0
3rd (55);05:27;0;-3;6;3;10;31;0;8;3;2;1;8;21;0;no;9;2;6;1;0;2;3;1
4th (53);04:40;5;-3;2;10;30;0;4;5;3;0;3;18;2;3;no;12;7;0;1;1;4;0;2
5th (50);03:52;3;-4;10;3;13;0;8;17;3;0;0;4;16;6;no;14;3;0;2;3;4;4;2
6th (39);05:18;15;-1;6;10;6;0;3;0;3;2;0;12;6;11;yes;3;1;0;0;5;3;4;0
1st (63);03:40;11;-2;6;5;22;0;4;17;3;0;3;10;13;4;no;10;5;0;1;2;4;1;2
2nd (58);03:31;8;-3;1;7;6;36;0;3;3;0;5;4;8;4;no;13;1;8;1;2;1;2;0
3rd (53);02:47;3;-4;9;10;26;0;0;9;3;0;0;10;15;3;no;12;5;0;1;2;2;4;1
4th (51);03:32;3;-4;3;20;5;10;4;10;4;0;1;9;9;2;no;8;2;3;1;1;2;3;2
5th (45);03:02;17;-1;5;7;11;1;5;0;2;2;1;4;2;11;no;11;2;1;0;4;2;5;0
6th (44);04:58;10;-2;3;3;6;13;11;0;3;0;1;12;2;7;no;9;2;3;0;4;5;3;0
1st (58);05:19;18;0;10;7;14;0;9;0;2;0;3;5;12;8;no;11;3;0;0;3;7;2;1
2nd (56);04:02;8;0;4;3;11;26;4;0;3;2;3;8;11;5;no;14;2;6;0;2;1;3;2
3rd (55);04:29;9;-3;5;20;13;0;4;7;4;1;1;4;8;6;no;8;3;0;1;3;2;3;1
4th (49);03:24;0;-3;3;10;23;0;6;10;3;0;0;5;4;3;yes;3;4;0;1;1;3;3;3
5th (46);04:17;0;-3;0;0;14;21;0;14;0;0;6;14;8;5;no;9;3;6;2;2;2;2;1
6th (44);03:10;0;-2;0;7;4;25;0;10;3;0;4;9;2;3;no;13;2;5;2;1;3;2;0
1st (63);03:24;0;-6;1;10;3;55;0;0;3;0;6;10;4;0;yes;7;1;9;1;0;3;1;1
2nd (59);02:42;13;0;5;7;11;0;4;19;3;0;0;4;14;8;no;13;3;0;2;4;2;4;0
3rd (58);05:02;18;0;3;3;27;1;6;0;1;0;1;13;9;7;no;11;5;1;0;3;4;3;1
4th (57);03:27;13;-1;3;10;18;1;3;10;3;0;0;8;10;6;yes;2;4;0;1;3;2;3;2
5th (45);04:19;0;-6;9;10;14;0;6;12;3;1;3;9;9;2;no;12;3;0;2;1;5;3;0
6th (45);06:37;5;-4;4;20;13;0;0;7;4;0;0;14;12;8;no;8;2;0;1;3;3;3;2
1st (64);01:48;15;-1;8;7;6;0;0;29;3;0;2;2;19;9;no;13;1;0;3;4;4;3;0
2nd (61);02:20;18;0;4;7;17;0;0;15;2;2;1;6;6;6;no;11;3;0;2;3;2;4;0
3rd (61);03:12;15;-1;3;10;28;0;0;6;3;0;1;18;14;9;no;12;5;0;1;4;0;4;1
4th (61);03:25;6;-4;1;3;12;43;0;0;3;1;6;17;11;4;no;14;2;8;1;2;3;1;0
5th (54);02:41;0;-6;11;20;21;0;8;0;4;2;1;8;14;0;no;8;6;0;0;0;4;2;0
6th (44);02:42;0;-6;5;3;0;26;9;7;3;4;3;14;1;0;no;9;0;5;1;0;2;2;3
1st (72);03:45;18;0;7;5;15;0;8;19;3;0;1;9;6;7;no;10;3;0;1;4;5;2;0
2nd (67);03:16;18;0;3;7;20;0;9;10;2;0;1;16;5;7;no;11;4;0;1;3;5;2;1
3rd (56);05:28;3;-4;7;10;15;25;0;0;3;0;3;6;6;2;no;12;3;4;1;1;2;3;1
4th (55);04:08;9;-3;5;3;26;0;3;12;3;0;2;0;6;3;no;14;6;0;2;2;2;4;2
5th (50);04:04;0;-6;6;20;9;0;5;16;4;0;0;6;21;0;no;8;2;0;2;0;2;5;3
6th (30);05:40;5;-4;1;3;0;21;0;4;3;2;3;11;4;6;no;9;0;5;1;2;4;2;1
1st (58);04:45;18;0;7;7;15;0;4;7;2;0;3;2;14;9;no;11;3;0;1;4;4;4;0
2nd (56);02:33;11;-1;5;5;20;16;0;0;2;0;3;12;17;7;no;12;3;4;0;3;0;4;2
3rd (55);03:05;11;-1;4;7;14;0;0;20;3;1;0;14;12;5;no;13;3;0;3;3;2;3;0
4th (51);03:09;0;-5;2;3;0;48;3;0;2;2;6;16;4;4;no;14;0;8;1;2;3;1;1
5th (48);04:35;0;-5;3;3;18;10;4;15;3;3;2;16;4;0;no;9;5;2;2;0;3;1;2
6th (45);05:16;6;-2;7;20;10;0;4;0;4;1;0;11;20;7;no;8;2;0;0;3;3;3;2
1st (61);03:22;13;0;7;5;21;0;7;8;3;0;3;2;11;5;no;10;5;0;0;2;4;3;1
2nd (60);03:09;17;0;7;7;14;0;4;11;2;0;0;6;8;8;no;11;3;0;2;3;3;4;1
3rd (60);03:52;17;0;1;7;0;26;0;9;3;0;3;0;4;6;no;13;0;7;1;4;0;3;0
4th (46);03:54;0;-4;4;0;12;16;4;14;0;3;3;8;5;2;no;12;2;4;2;1;1;3;2
5th (44);03:28;0;-5;4;20;16;0;4;5;4;0;1;9;1;0;no;8;3;0;1;0;7;2;1
6th (41);03:02;0;-4;4;3;15;16;0;7;3;2;3;6;2;2;no;9;3;3;1;2;2;3;1
1st (56);05:19;10;-2;2;7;17;0;0;22;3;1;1;12;6;6;no;13;4;0;3;3;2;2;0
2nd (55);04:41;8;-4;5;3;12;31;0;0;3;0;1;4;12;5;no;14;2;7;0;2;3;4;0
3rd (54);05:02;1;-4;4;5;22;26;0;0;2;0;4;8;8;1;no;12;4;6;0;1;2;2;1
4th (52);05:11;8;-2;7;7;15;0;10;7;2;0;0;8;12;7;no;11;3;0;1;2;4;3;3
5th (52);04:31;13;-1;5;10;15;0;4;6;3;0;2;10;12;10;yes;3;3;0;1;4;3;4;0
6th (36);04:29;9;-2;0;3;5;16;5;0;3;2;2;14;6;9;no;9;1;3;0;4;1;5;1
1st (65);03:17;13;-1;3;7;18;0;4;21;2;0;2;16;8;7;no;11;5;0;2;2;3;2;2
2nd (50);03:06;10;-1;7;3;11;0;3;17;2;1;1;6;18;7;no;9;2;0;3;4;4;3;1
3rd (49);03:51;9;0;2;7;10;10;2;9;3;0;3;2;6;9;no;13;2;3;1;4;1;3;1
4th (48);04:19;0;-5;1;3;6;43;0;0;3;1;4;14;8;2;no;14;1;9;0;1;3;3;0
5th (46);04:13;3;-3;7;10;11;13;5;0;3;0;3;6;15;4;yes;3;2;4;0;2;3;2;2
6th (42);04:13;5;-2;1;10;20;0;0;8;3;1;2;12;1;9;no;12;4;0;1;4;1;4;0
1st (57);03:00;17;0;6;10;8;0;3;13;3;1;1;9;8;8;yes;4;1;0;2;3;5;2;1
2nd (57);02:54;18;0;3;10;9;0;0;17;3;1;2;6;12;11;yes;6;2;0;2;5;1;3;1
3rd (50);03:01;0;-3;9;10;19;0;9;6;3;0;0;6;10;2;yes;5;3;0;1;1;2;5;3
4th (47);03:19;9;-2;4;10;10;10;0;6;3;0;1;12;17;6;yes;7;2;3;1;3;2;4;1
5th (45);03:46;0;-3;0;8;19;21;0;0;2;1;6;14;6;2;yes;1;4;6;0;1;2;1;1
6th (43);02:52;0;-6;1;10;8;26;4;0;3;1;4;8;2;0;yes;2;2;4;1;0;4;2;1
1st (85);03:07;0;-4;4;5;4;76;0;0;2;0;8;13;16;0;no;12;1;11;1;0;1;2;0
2nd (58);02:37;16;-1;7;7;23;0;0;6;2;0;3;5;14;7;no;11;5;0;1;2;3;4;1
3rd (46);02:43;2;-4;6;20;9;1;5;7;4;1;2;8;10;1;no;8;2;1;1;1;5;2;1
4th (44);02:31;5;-2;3;5;16;0;5;12;2;0;1;6;6;6;no;10;3;0;2;4;3;3;1
5th (42);04:47;13;-3;0;3;14;5;2;8;2;2;3;9;2;8;no;14;3;3;1;3;2;3;1
6th (41);03:02;13;-1;1;3;21;1;3;0;2;0;0;18;11;12;yes;2;3;0;0;5;3;3;2
1st (62);05:12;17;-1;0;10;17;0;3;16;3;0;1;18;2;8;yes;3;4;0;2;4;2;3;0
2nd (54);02:57;10;-2;7;3;25;0;3;8;3;0;0;2;12;4;no;14;6;0;1;3;4;4;0
3rd (54);06:15;17;0;1;7;6;0;0;23;2;0;1;18;10;11;no;11;1;0;3;4;2;3;3
4th (52);03:38;9;-2;6;10;12;0;5;12;3;1;2;16;10;6;no;12;3;0;1;3;2;5;0
5th (50);04:37;0;-6;3;3;12;38;0;0;1;0;4;4;12;0;yes;1;2;8;0;0;3;2;2
6th (45);03:35;0;-6;12;3;18;4;14;0;3;2;4;4;16;0;no;9;4;1;0;0;6;2;3
1st (67);03:07;0;-4;6;10;0;55;0;0;3;0;5;12;17;0;no;12;0;9;1;0;0;4;1
2nd (60);03:40;11;-2;4;7;14;10;0;16;3;0;2;6;18;7;no;13;3;3;2;3;1;2;1
3rd (54);03:05;13;-1;7;7;9;0;4;15;2;0;0;7;12;8;no;11;2;0;2;3;4;3;2
4th (53);04:11;10;-1;6;3;4;18;4;9;1;0;4;14;19;3;yes;7;1;5;1;1;3;4;2
5th (53);02:55;11;-3;3;15;21;0;6;0;3;0;3;17;8;9;yes;1;4;0;0;4;6;1;0
6th (42);05:28;3;-3;0;3;31;0;2;6;2;5;3;20;2;2;no;9;7;0;1;1;3;2;0
1st (61);02:45;11;-2;5;10;23;0;0;14;3;0;0;12;16;6;no;12;4;0;2;3;1;3;2
2nd (55);03:59;14;0;8;7;0;0;11;15;2;1;0;12;16;9;no;11;0;0;2;3;2;5;3
3rd (51);03:11;1;-3;10;5;24;0;10;4;3;0;3;7;10;4;no;10;4;0;0;2;7;2;0
4th (51);04:01;3;-5;5;7;17;16;0;8;3;0;3;5;12;2;no;13;3;4;1;1;3;3;0
5th (51);04:07;1;-2;0;3;10;25;0;14;3;2;4;22;14;6;no;9;3;4;2;3;0;2;1
6th (45);03:08;11;-1;1;15;3;13;3;0;3;0;4;12;2;7;yes;1;1;5;0;3;3;1;2
1st (62);04:11;16;0;7;7;10;0;7;15;2;1;0;9;8;7;no;11;2;0;2;3;3;5;0
2nd (60);05:47;16;-1;2;10;5;10;3;15;3;0;3;15;6;5;no;12;2;3;2;2;3;3;0
3rd (59);04:40;1;-4;6;20;30;0;6;0;4;0;0;10;16;1;no;8;5;0;0;1;2;3;3
4th (54);04:04;16;-1;2;3;9;25;0;0;2;1;5;11;14;7;yes;2;2;5;0;3;2;2;1
5th (50);06:08;0;-4;5;3;15;31;0;0;3;3;3;10;9;0;no;14;3;7;0;0;2;3;0
6th (43);05:31;1;-4;6;7;16;2;3;12;3;2;0;8;10;3;no;13;3;2;2;2;1;3;0
1st (60);04:04;17;0;3;7;17;0;0;16;2;0;1;13;6;9;no;11;3;0;2;4;3;3;1
2nd (58);03:44;8;-1;4;0;0;47;0;0;0;0;4;18;14;6;no;9;0;8;1;3;2;2;2
3rd (55);05:06;8;-3;4;10;23;0;3;10;3;0;1;18;2;5;no;12;5;0;1;2;3;3;1
4th (49);04:32;5;-3;2;20;25;0;0;0;4;0;1;8;14;6;no;8;5;0;0;2;2;4;1
5th (46);02:30;4;-3;9;5;14;0;9;8;3;1;0;2;12;4;no;10;2;0;0;3;3;3;3
6th (36);06:33;5;-5;3;10;7;16;0;0;3;0;4;12;23;8;yes;7;3;4;0;3;1;3;2
1st (58);02:50;12;-1;0;7;21;1;0;18;3;0;3;12;11;8;no;13;5;1;2;4;0;2;1
2nd (55);04:42;0;-4;6;5;32;0;3;13;3;0;2;8;22;1;no;10;6;0;1;1;3;4;0
3rd (55);05:49;16;0;2;10;6;5;6;10;3;0;0;28;20;5;yes;7;1;3;1;3;4;2;2
4th (54);03:41;7;-2;3;5;2;31;4;4;2;0;3;14;10;3;no;12;1;6;2;2;1;4;0
5th (52);04:00;10;-4;11;20;0;0;15;0;4;0;2;7;12;9;no;8;0;0;0;3;7;2;2
6th (47);05:37;5;-3;4;3;20;10;4;4;3;1;1;26;20;4;no;9;4;2;1;2;4;2;1
1st (63);02:44;12;-2;7;7;24;0;3;12;3;0;1;2;11;5;no;13;5;0;2;3;3;2;0
2nd (63);04:21;0;-6;5;2;0;62;0;0;1;1;6;4;16;0;no;14;0;10;1;0;2;3;1
3rd (58);03:43;14;-2;1;15;20;0;0;10;3;1;1;18;9;9;yes;1;4;0;1;4;3;2;0
4th (48);03:30;8;-2;8;7;8;0;11;8;2;1;0;14;10;8;no;11;1;0;1;3;5;2;3
5th (46);03:29;10;-4;3;10;24;0;3;0;3;0;2;8;7;11;yes;3;5;0;0;4;1;4;1
6th (46);04:53;10;-2;1;3;14;10;0;10;2;3;1;11;4;2;no;9;3;3;2;2;1;2;2
1st (63);02:47;12;-1;3;7;24;0;3;15;3;0;1;14;14;5;no;13;5;0;3;3;1;3;0
2nd (58);04:36;14;-1;1;3;3;38;0;0;3;2;4;12;3;6;no;14;1;8;0;3;1;2;1
3rd (53);03:12;9;-2;2;5;19;0;4;16;3;0;2;9;4;6;no;10;5;0;1;3;2;2;2
4th (50);05:27;0;-6;15;10;5;1;9;16;3;0;2;8;18;0;no;12;2;1;2;0;5;4;1
5th (49);02:07;17;0;3;10;15;0;4;0;3;2;2;6;5;8;yes;4;2;0;0;3;4;3;1
6th (32);03:11;0;-6;4;3;18;13;0;0;3;2;2;3;8;3;no;9;4;2;1;1;3;3;1
1st (69);03:55;10;-2;4;10;4;43;0;0;3;0;7;8;9;3;no;12;1;9;0;2;0;2;1
2nd (53);04:06;7;-2;1;7;25;4;0;11;3;0;3;2;3;5;no;13;5;2;1;3;1;2;1
3rd (51);03:36;12;-1;3;7;16;0;8;6;2;0;1;16;7;8;no;11;3;0;1;3;3;4;2
4th (47);03:15;11;-2;5;10;19;0;4;0;3;0;0;0;11;7;yes;3;3;0;0;3;3;4;2
5th (43);03:40;0;-5;5;20;6;0;7;10;4;0;0;12;2;2;no;8;1;0;1;1;8;3;0
6th (41);04:07;5;-3;2;3;12;0;0;22;2;1;1;10;16;8;no;9;4;0;3;3;2;4;1
1st (57);03:33;1;-5;6;3;21;25;0;6;3;0;4;7;22;1;no;9;4;3;2;1;3;3;1
2nd (55);02:55;8;-2;6;7;17;0;6;13;2;0;4;7;6;7;no;11;3;0;2;2;6;2;1
3rd (54);03:36;13;-3;3;3;31;0;7;0;3;0;1;20;11;8;no;14;7;0;0;3;3;4;1
4th (48);02:30;10;-4;7;20;6;0;9;0;4;0;2;5;7;8;no;8;1;0;0;3;5;3;2
5th (43);04:05;9;0;2;7;0;25;0;0;3;3;5;8;5;7;no;13;0;6;0;4;0;2;0
6th (34);02:54;4;-1;0;0;9;16;2;4;1;1;3;9;5;7;no;10;2;5;1;4;1;2;1
1st (52);02:50;0;-4;6;10;9;25;0;6;3;0;3;18;24;7;no;12;2;4;2;3;0;3;1
2nd (51);03:18;17;0;3;3;3;13;6;6;3;0;1;24;12;10;no;9;1;3;1;5;4;2;2
3rd (50);04:51;10;0;6;3;11;0;12;8;1;0;2;16;8;7;no;11;2;0;1;3;7;3;1
4th (46);03:51;4;-2;6;5;19;0;2;12;2;0;0;4;17;6;no;10;4;0;2;3;2;3;2
5th (46);06:16;5;-4;3;3;30;9;0;0;3;0;3;9;10;6;no;14;6;3;0;2;3;3;1
6th (45);04:48;4;-4;2;20;6;13;4;0;4;0;1;8;8;4;no;8;1;4;0;2;3;3;1
1st (62);05:28;18;0;5;7;19;0;3;10;2;0;1;9;14;10;no;11;4;0;1;4;3;3;1
2nd (57);04:12;18;0;2;2;0;26;0;9;1;3;4;15;11;7;no;14;0;7;1;4;2;1;0
3rd (52);04:41;3;-4;3;20;18;0;6;6;4;0;0;20;7;4;no;8;3;0;1;2;3;4;1
4th (49);03:11;0;-6;3;7;16;0;3;26;3;0;1;16;9;3;no;13;4;0;4;2;3;2;0
5th (48);03:48;8;-2;8;3;3;26;2;0;3;3;3;6;18;5;no;9;1;4;1;2;3;2;2
6th (39);03:58;5;-4;5;5;23;0;4;1;3;1;3;7;14;6;no;10;5;0;0;2;4;3;0
1st (66);02:30;16;0;4;7;2;0;5;32;2;0;2;9;5;9;no;11;1;0;4;3;5;2;1
2nd (64);02:34;16;0;9;10;19;0;10;0;3;0;1;14;14;8;no;12;4;0;0;4;3;4;0
3rd (53);03:24;0;-5;4;15;34;0;0;5;3;0;2;15;17;3;yes;1;7;0;1;1;2;3;1
4th (52);03:39;9;-2;2;3;0;31;0;9;3;2;4;20;18;6;no;9;0;6;1;3;0;1;3
5th (49);06:29;4;-3;2;3;12;31;0;0;3;0;6;9;7;6;no;14;3;7;0;3;3;2;0
6th (34);05:53;5;-4;4;7;13;9;0;0;3;0;5;1;7;8;no;13;3;3;0;3;3;3;0
1st (57);03:28;17;0;5;7;28;0;0;0;2;2;1;7;10;7;no;11;5;0;0;3;2;4;0
2nd (57);03:37;0;-3;4;3;5;18;4;26;3;1;1;12;9;1;no;9;1;3;4;1;2;3;2
3rd (56);04:12;14;0;6;7;26;0;3;0;3;1;2;4;6;7;no;13;5;0;0;3;3;3;0
4th (56);02:45;3;-4;1;2;11;43;0;0;1;1;9;4;2;4;no;14;3;9;0;2;1;1;1
5th (50);02:47;5;-4;8;20;0;0;13;8;4;0;1;10;4;6;no;8;0;0;1;2;5;4;2
6th (46);03:41;8;-2;10;2;12;4;4;8;1;0;3;4;10;5;no;12;3;2;1;2;3;4;2
1st (60);03:39;13;0;6;7;15;0;4;15;2;0;0;8;9;6;no;11;4;0;2;3;3;4;0
2nd (60);03:20;14;-1;4;7;24;0;3;9;3;0;3;6;9;7;no;13;6;0;1;3;3;2;0
3rd (59);03:16;16;0;9;15;6;0;7;6;3;1;0;10;11;7;yes;1;1;0;1;3;4;3;2
4th (56);03:06;0;-5;3;5;0;31;0;22;3;0;2;3;13;0;no;10;0;6;3;0;2;2;2
5th (52);03:32;0;-5;3;10;25;16;3;0;3;0;5;19;6;3;no;12;5;4;0;1;3;2;0
6th (41);04:12;3;-3;2;3;8;18;4;6;2;1;2;7;5;6;no;14;1;5;1;3;3;2;2
1st (62);03:28;0;-6;1;3;2;62;0;0;3;1;7;8;3;3;no;14;1;11;0;1;1;1;2
2nd (59);03:42;18;0;7;7;10;0;10;7;2;1;1;12;10;8;no;11;2;0;1;3;4;4;1
3rd (58);02:45;0;-6;8;20;18;0;10;8;4;0;3;7;16;0;no;8;4;0;1;0;6;2;1
4th (58);02:40;9;-2;1;5;14;31;0;0;2;0;7;7;10;4;no;10;4;7;0;2;2;1;0
5th (52);03:26;13;0;6;10;19;0;4;0;3;0;0;10;6;9;no;12;3;0;0;4;3;3;2
6th (48);04:18;9;-1;1;7;22;0;0;10;3;0;1;6;5;6;no;13;5;0;2;3;1;4;0
1st (64);04:24;16;0;6;0;25;0;9;8;0;0;0;7;13;5;no;8;4;0;1;3;5;4;1
2nd (58);03:30;13;-3;6;7;27;0;0;8;3;0;2;6;12;5;no;13;6;0;1;2;2;3;1
3rd (58);03:28;4;-3;4;5;0;43;0;5;2;0;6;6;9;3;no;12;0;9;1;2;1;1;2
4th (52);02:50;1;-4;2;3;9;31;0;10;3;1;2;12;4;4;no;9;2;6;1;2;1;2;2
5th (51);03:25;16;0;2;7;15;0;2;9;2;2;0;9;0;8;no;11;4;0;1;3;3;3;0
6th (46);03:33;0;-4;7;3;10;0;10;20;3;0;2;7;9;3;no;14;2;0;3;2;6;4;1
1st (60);03:41;6;-4;13;10;14;0;11;10;3;0;0;10;19;4;no;12;3;0;1;2;3;4;2
2nd (60);03:29;8;-1;2;10;16;0;5;20;3;0;4;9;0;5;yes;6;3;0;3;2;5;2;0
3rd (58);03:53;10;-1;1;5;6;10;6;21;3;0;1;21;8;6;no;10;1;3;2;3;2;1;3
4th (57);03:23;15;-1;3;3;25;9;0;3;3;1;2;10;16;6;no;9;5;2;1;3;0;3;2
5th (52);02:48;5;-3;2;3;7;38;0;0;2;0;3;4;6;6;no;14;1;8;0;2;3;3;1
6th (50);03:26;0;-4;8;20;4;0;14;8;4;0;0;10;15;2;no;8;1;0;1;1;4;6;1
1st (57);02:59;8;-3;4;20;18;0;4;6;4;0;0;8;13;4;no;8;4;0;1;2;2;4;1
2nd (50);03:13;12;-2;3;5;23;0;0;9;3;1;2;8;7;8;no;10;6;0;0;4;1;2;1
3rd (42);03:19;8;-3;9;3;17;0;8;0;3;1;2;1;8;7;no;14;3;0;0;3;6;4;1
4th (42);02:53;4;-4;8;7;13;0;6;8;3;1;0;4;5;3;no;13;3;0;2;2;3;3;1
5th (41);02:57;4;-4;3;3;11;13;2;9;3;2;3;11;6;6;no;9;2;3;1;3;4;1;1
6th (41);03:06;12;0;2;7;15;0;0;5;2;2;1;13;6;13;no;11;3;0;1;4;2;3;1
1st (76);03:06;12;-1;5;3;0;48;9;0;3;0;6;11;6;3;no;14;0;9;0;2;6;1;0
2nd (63);02:36;16;0;0;5;18;0;2;22;3;0;0;12;6;6;no;10;4;0;2;3;3;2;1
3rd (56);03:24;0;-5;14;20;8;0;13;6;4;2;1;8;16;0;no;8;2;0;1;0;5;4;0
4th (56);02:54;13;0;3;7;21;0;3;9;2;0;1;21;4;7;no;11;4;0;1;3;4;3;1
5th (51);04:10;0;-5;3;2;16;26;0;9;1;0;3;4;9;0;no;12;3;6;1;0;2;4;1
6th (44);02:18;5;-3;7;10;15;4;6;0;3;0;2;4;19;7;yes;2;3;1;0;3;2;3;3
1st (60);03:02;12;-1;4;7;16;0;5;17;2;1;1;12;10;7;no;11;3;0;2;3;2;5;0
2nd (60);03:07;13;-1;1;3;0;25;2;17;2;1;3;8;0;4;no;9;0;4;3;3;3;2;2
3rd (58);02:51;0;-6;8;10;35;0;4;7;3;0;2;10;9;0;no;12;7;0;1;0;4;2;1
4th (54);03:14;5;-5;0;3;2;43;0;6;2;0;5;9;4;5;no;14;1;9;1;2;2;2;1
5th (47);03:43;9;-2;5;15;11;0;0;9;3;1;0;4;13;6;yes;1;2;0;1;3;1;5;2
6th (45);02:21;13;-1;5;5;9;0;9;5;3;0;1;4;11;8;no;10;2;0;0;4;3;3;3
1st (66);04:03;17;0;2;20;0;0;6;21;4;1;0;16;16;6;no;8;0;0;3;3;2;4;1
2nd (55);03:00;13;0;7;5;11;0;3;16;3;2;0;6;11;9;no;10;2;0;1;5;1;3;1
3rd (54);06:18;8;-3;6;10;32;1;0;0;3;1;1;13;14;4;no;12;6;1;0;2;2;2;1
4th (54);05:48;4;-3;4;3;8;31;7;0;3;1;2;24;12;1;no;14;2;7;0;1;4;1;2
5th (47);03:47;0;-5;6;3;14;25;4;0;3;1;2;16;12;0;no;9;3;5;0;0;4;3;2
6th (44);03:41;5;-4;8;7;14;0;5;9;3;1;3;6;16;9;no;13;3;0;1;3;5;2;0
1st (63);05:21;0;-5;3;3;14;48;0;0;2;3;7;11;10;0;no;14;3;9;0;0;1;2;0
2nd (58);06:14;8;-1;1;2;11;26;4;7;1;0;5;10;3;5;no;12;2;6;1;2;4;2;0
3rd (57);03:15;9;-3;5;20;18;0;8;0;4;0;0;4;8;3;no;8;3;0;0;2;3;4;2
4th (53);04:15;18;0;2;7;11;0;0;15;2;0;2;6;2;11;no;11;3;0;2;5;3;3;0
5th (48);03:23;5;-2;2;7;22;0;0;14;3;0;1;10;3;8;no;13;5;0;2;3;3;2;0
6th (44);05:27;4;-3;8;5;5;0;11;14;3;0;1;1;16;8;no;10;1;0;1;4;4;3;2
1st (63);04:45;18;0;10;7;12;0;8;8;2;0;1;12;20;9;no;11;2;0;1;4;4;4;1
2nd (57);04:20;16;-1;5;3;3;26;0;5;3;1;5;4;14;7;no;14;1;7;1;3;1;2;2
3rd (57);06:24;9;-3;1;7;31;0;0;12;3;0;2;11;14;8;no;13;6;0;2;4;2;1;0
4th (52);04:22;0;-6;6;20;22;1;4;5;4;0;1;14;13;0;no;8;4;1;1;0;4;3;1
5th (46);03:43;10;-2;2;5;3;9;6;13;3;0;2;12;8;6;no;10;1;3;1;3;4;2;1
6th (39);04:09;0;-5;3;10;17;9;5;0;3;0;2;24;8;5;no;12;4;2;1;2;3;2;1
1st (62);03:50;16;-1;7;20;8;0;4;8;4;0;3;1;18;7;no;8;2;0;1;3;4;4;0
2nd (60);04:15;2;-4;3;10;6;43;0;0;3;1;6;16;9;1;no;12;2;8;1;1;0;2;0
3rd (55);03:13;18;0;3;3;18;0;6;7;2;0;1;4;2;8;yes;3;4;0;1;4;3;4;0
4th (51);03:01;5;-3;2;3;5;31;3;5;3;1;4;7;6;5;no;9;1;6;1;2;3;1;2
5th (50);05:10;8;-4;3;10;14;10;3;6;3;0;4;8;12;5;yes;7;4;3;1;2;2;3;1
6th (48);05:34;0;-3;5;7;34;0;5;0;3;1;1;16;5;2;no;13;6;0;0;1;5;2;0
1st (61);04:06;13;-1;4;7;32;0;6;0;3;0;1;4;4;4;no;13;6;0;0;3;3;3;0
2nd (59);03:33;8;-3;0;3;2;43;0;6;2;0;6;8;8;5;no;14;1;8;2;2;1;3;1
3rd (57);03:26;17;0;2;5;16;1;0;16;2;1;1;13;8;8;no;10;3;1;1;4;3;2;1
4th (52);02:48;0;-4;10;3;6;4;11;22;3;0;2;0;8;0;no;9;1;1;3;0;7;3;2
5th (52);02:43;13;-2;2;7;26;0;0;6;2;0;2;4;0;10;no;11;6;0;1;3;2;4;0
6th (41);02:44;0;-5;3;3;0;36;4;0;1;1;4;8;9;3;no;8;0;8;0;2;1;3;2
1st (62);04:18;11;-1;3;20;3;0;4;22;4;1;0;14;6;4;no;8;1;0;3;2;3;3;1
2nd (57);03:01;10;-3;14;3;18;0;15;0;2;1;2;2;14;6;no;9;4;0;0;2;6;3;3
3rd (57);05:10;0;-3;3;5;14;16;0;22;3;0;3;10;7;0;no;10;2;4;2;0;4;2;1
4th (55);04:25;17;0;2;0;23;13;0;0;1;0;5;2;8;8;no;13;5;5;0;4;1;2;0
5th (49);07:39;5;-3;5;10;25;0;4;3;3;0;2;9;8;3;no;12;5;0;1;1;3;4;1
6th (39);03:30;4;-3;2;0;0;36;0;0;0;4;5;6;0;4;no;11;0;8;0;2;0;1;3
1st (59);03:41;0;-4;9;20;21;0;13;0;4;0;2;12;15;0;no;8;4;0;0;0;5;4;1
2nd (59);04:14;8;-1;2;5;12;1;3;29;3;0;2;3;7;3;no;10;2;1;3;2;3;3;1
3rd (56);03:44;5;-2;6;3;30;0;6;8;2;2;2;10;6;3;no;9;6;0;1;1;4;1;3
4th (55);02:36;13;-1;9;7;6;0;7;14;3;1;1;10;11;9;no;13;1;0;2;5;4;2;0
5th (50);03:17;5;-5;0;2;5;43;0;0;1;0;7;2;2;8;no;14;1;9;0;3;0;3;2
6th (37);03:58;14;-2;2;7;14;2;0;0;2;1;3;4;0;11;no;11;4;2;0;4;2;3;0
1st (76);04:08;17;0;6;5;15;0;7;26;3;0;0;25;18;7;no;10;3;0;2;4;4;2;0
2nd (59);04:35;9;-2;2;3;4;31;6;6;3;0;3;18;18;6;no;9;1;5;2;3;1;2;3
3rd (54);04:25;12;-1;1;10;14;9;0;9;3;0;5;2;6;3;yes;7;4;3;1;2;1;3;2
4th (47);03:42;0;-5;12;10;22;2;6;0;3;0;0;12;16;2;no;12;4;2;0;1;3;3;2
5th (45);03:40;0;-6;9;20;3;0;11;8;4;1;2;4;10;0;no;8;1;0;1;0;6;5;0
6th (44);04:29;11;-1;3;7;20;0;0;4;2;3;2;11;4;8;no;11;4;0;1;2;2;4;0
1st (66);02:54;18;0;1;3;33;0;0;11;1;0;2;6;6;7;no;11;6;0;1;4;2;3;1
2nd (54);03:29;8;-3;7;10;16;0;5;11;3;0;3;6;10;7;yes;5;3;0;1;3;5;3;0
3rd (54);04:03;17;-1;3;10;0;25;0;0;3;0;4;6;11;11;yes;7;0;4;1;5;1;3;2
4th (52);03:28;10;-2;9;15;6;0;9;5;3;1;0;14;15;5;yes;1;1;0;1;3;3;3;3
5th (50);05:12;0;-6;3;5;15;0;0;33;3;2;0;17;11;0;no;10;4;0;4;0;2;2;1
6th (44);02:23;0;-5;0;3;20;26;0;0;1;1;6;8;4;2;yes;2;4;7;0;1;1;1;2
1st (61);03:27;6;-4;0;3;0;47;3;6;2;1;2;22;6;4;no;14;0;8;2;2;3;1;1
2nd (52);04:32;9;0;4;5;12;0;4;18;2;0;0;7;12;9;no;10;3;0;2;4;2;3;2
3rd (51);04:23;6;-1;10;10;5;0;7;14;3;1;1;11;12;6;no;12;1;0;2;3;4;4;0
4th (47);04:26;9;0;8;7;14;2;7;0;3;0;2;0;11;6;no;13;2;2;0;3;4;4;0
5th (46);04:32;0;-6;3;13;20;10;6;0;3;0;1;8;2;0;no;8;4;3;0;0;3;2;3
6th (42);03:15;6;-1;6;3;24;0;0;4;1;0;3;10;15;9;no;9;6;0;1;4;2;3;1
1st (62);02:53;9;0;3;20;13;0;0;17;4;2;1;10;14;3;no;8;2;0;2;2;2;3;1
2nd (61);03:03;17;-1;5;3;7;0;6;24;2;0;0;2;10;7;yes;4;1;0;3;3;3;3;3
3rd (55);05:07;4;-1;0;3;18;31;0;0;2;1;5;13;5;3;no;14;4;7;0;2;2;2;0
4th (54);02:55;0;-6;11;3;5;18;17;6;3;0;2;14;9;0;no;9;2;4;1;0;6;2;3
5th (47);04:04;10;-3;12;7;14;0;7;0;3;0;0;4;21;8;no;13;3;0;0;3;4;4;1
6th (38);02:38;2;-3;1;10;16;4;0;8;3;2;1;18;2;5;no;12;4;2;1;3;1;2;0
1st (65);03:26;16;0;5;10;7;0;7;20;3;0;0;9;8;8;yes;3;1;0;2;4;4;4;0
2nd (62);03:51;9;-2;4;15;17;0;6;13;3;0;1;8;13;3;yes;1;4;0;2;2;2;2;3
3rd (57);03:15;0;-6;1;3;11;48;0;0;2;1;5;11;6;0;yes;2;2;8;0;0;2;3;0
4th (48);03:04;5;-3;4;7;32;0;3;0;3;0;2;14;5;7;no;13;7;0;0;3;3;2;0
5th (48);09:28;14;0;2;3;0;18;3;8;3;0;4;6;8;9;no;14;0;4;2;4;3;3;2
6th (44);04:43;3;-2;9;10;12;0;5;7;3;1;2;6;14;6;no;12;3;0;1;3;1;5;1
1st (57);02:40;16;-1;6;5;12;0;5;14;3;1;2;7;4;7;no;10;3;0;1;3;4;2;1
2nd (55);04:12;11;-2;4;7;17;0;0;18;3;1;0;4;5;3;no;13;3;0;2;2;3;4;0
3rd (54);03:20;1;-4;6;3;13;25;3;7;3;1;3;8;7;1;no;9;2;4;1;1;2;3;3
4th (52);02:23;16;-1;5;7;7;0;4;14;2;1;1;8;9;10;no;11;2;0;2;3;3;4;1
5th (50);03:41;0;-4;6;5;18;25;0;0;2;0;4;7;10;0;no;12;4;6;0;0;2;3;1
6th (41);04:50;7;-3;4;20;8;0;5;0;4;0;1;3;2;5;no;8;1;0;0;3;5;4;1
1st (61);03:46;13;-1;6;3;19;4;4;13;3;0;2;12;16;6;no;14;3;2;2;4;2;4;1
2nd (60);02:39;3;-4;9;10;19;0;8;15;3;0;2;15;12;2;no;12;4;0;2;1;5;3;0
3rd (55);02:50;5;-3;4;0;3;36;3;7;1;1;6;6;9;3;no;13;1;8;1;1;3;1;1
4th (55);03:31;8;-3;0;3;9;38;0;0;3;2;4;16;4;5;no;9;2;7;0;2;2;0;3
5th (52);03:24;9;-2;3;5;21;0;5;11;3;0;3;17;16;9;no;10;5;0;1;4;3;2;0
6th (51);04:08;13;-2;11;7;10;0;4;8;2;1;2;10;19;10;no;11;2;0;1;3;4;3;2
1st (68);02:47;13;-1;9;7;6;0;12;22;3;0;1;3;13;3;no;13;1;0;2;2;6;3;1
2nd (60);03:44;14;0;6;20;12;0;8;0;4;0;1;10;10;6;no;8;2;0;0;3;4;4;1
3rd (48);04:11;11;-2;5;3;21;0;4;6;2;0;1;6;14;10;no;9;5;0;1;4;3;3;2
4th (48);02:59;0;-6;1;0;20;26;0;7;0;0;1;11;8;0;no;12;4;6;1;0;2;4;1
5th (48);03:20;3;-2;1;3;10;26;0;7;3;3;0;14;8;3;no;14;2;5;2;2;1;2;1
6th (45);04:28;8;-4;1;5;0;26;0;9;2;0;4;12;3;8;no;10;0;6;1;3;3;3;0
1st (64);03:28;12;0;6;5;15;0;5;21;3;0;2;15;12;6;no;10;3;0;2;4;5;1;0
2nd (61);04:21;0;-1;2;3;2;55;0;0;2;1;7;8;1;5;no;14;1;10;0;2;2;2;0
3rd (56);03:37;4;-3;3;20;11;0;4;17;4;0;1;15;12;3;no;8;3;0;2;2;4;3;0
4th (47);02:37;10;-2;11;7;13;0;8;0;3;1;3;3;13;11;no;13;3;0;0;4;5;2;0
5th (45);03:07;0;-3;3;3;15;18;0;9;3;0;0;4;14;5;no;9;3;3;2;2;1;4;3
6th (45);03:10;6;-1;3;7;24;0;3;3;2;2;0;18;11;6;no;11;5;0;1;2;1;3;2
1st (70);02:48;18;0;9;7;11;0;5;20;2;1;2;5;11;7;no;11;2;0;2;3;5;3;0
2nd (62);02:31;18;0;8;5;10;0;4;17;3;1;0;8;16;9;no;10;2;0;1;5;2;4;0
3rd (56);03:37;5;-4;2;3;10;31;5;4;3;0;5;9;4;3;no;14;2;7;1;1;5;2;0
4th (54);06:37;9;-3;4;10;11;0;0;23;3;2;2;12;6;3;no;12;3;0;3;2;2;2;1
5th (49);04:17;3;-4;8;3;13;16;3;7;3;3;2;6;12;2;no;9;2;3;1;1;2;3;3
6th (41);03:12;0;-6;2;8;26;9;2;0;2;2;6;12;3;0;no;8;7;3;0;0;2;0;2
1st (64);02:39;16;-1;0;7;34;0;0;8;3;1;1;6;4;9;no;13;6;0;1;4;0;3;0
2nd (57);04:33;1;-4;5;10;14;31;0;0;3;0;4;8;11;1;no;12;3;7;0;1;1;2;1
3rd (52);03:32;14;-1;6;20;9;0;4;0;4;1;1;10;12;9;no;8;2;0;0;4;2;4;1
4th (51);07:00;8;-3;5;3;7;13;4;14;3;0;5;5;10;5;no;14;2;3;3;2;4;3;1
5th (49);03:44;11;-3;1;3;19;1;4;13;2;1;3;12;4;4;yes;4;5;1;2;1;4;2;0
6th (36);05:38;2;-4;3;3;0;31;1;0;2;0;5;4;4;3;yes;2;0;6;0;2;6;1;1
1st (57);02:36;4;-2;6;20;3;0;13;13;4;0;3;1;2;3;no;8;1;0;2;2;6;3;0
2nd (51);04:00;5;-4;5;7;8;9;5;16;3;0;1;2;11;3;no;13;2;3;2;1;2;5;0
3rd (48);05:11;12;0;10;7;11;0;0;8;2;2;1;7;16;8;no;11;2;0;2;3;2;4;1
4th (47);03:12;12;0;4;5;12;0;3;11;3;2;1;15;6;8;no;10;3;0;1;4;4;1;0
5th (45);03:21;4;-3;3;3;25;13;0;0;1;0;1;14;11;1;yes;7;5;4;0;1;2;3;2
6th (41);02:48;0;-4;3;10;30;0;2;0;3;0;3;18;11;8;no;12;6;0;0;3;2;3;1
1st (73);02:35;16;0;0;3;35;0;0;19;1;1;4;15;5;4;no;11;8;0;2;1;3;2;0
2nd (64);03:26;0;-5;9;3;0;48;9;0;3;1;5;4;7;0;no;9;0;8;0;0;3;2;3
3rd (55);02:36;0;-5;9;10;6;26;0;9;3;0;2;11;15;0;no;12;1;6;1;0;2;3;2
4th (54);02:40;17;0;7;3;12;0;0;15;1;0;0;4;15;11;yes;7;2;0;2;5;2;4;2
5th (51);03:09;13;-1;5;8;6;0;6;14;2;2;0;8;6;7;yes;1;1;0;2;4;3;4;0
6th (40);03:05;5;-4;4;7;24;0;4;0;3;1;2;11;5;9;no;13;5;0;0;4;4;1;0
1st (57);02:57;18;0;7;3;6;0;9;14;2;2;3;4;6;3;no;9;1;0;2;2;7;3;1
2nd (56);03:16;9;-1;10;10;10;0;4;14;3;0;1;8;6;5;no;12;2;0;2;3;4;3;1
3rd (55);03:41;10;-2;3;10;22;0;3;9;3;0;2;2;2;5;yes;3;4;0;1;3;5;2;0
4th (51);03:18;13;-1;9;7;15;1;7;0;3;0;2;2;8;8;no;13;3;1;0;4;3;4;0
5th (48);05:24;0;-6;1;3;14;36;0;0;3;2;5;4;0;0;no;14;3;8;0;0;0;2;2
6th (46);03:37;0;-6;1;20;14;2;4;11;4;1;0;8;6;0;no;8;3;2;1;0;1;4;2
1st (66);04:17;6;-3;0;10;18;16;0;19;3;1;5;18;3;2;no;12;4;4;2;1;1;1;1
2nd (58);02:26;5;-4;0;0;9;48;0;0;1;0;5;12;5;3;no;13;2;8;1;1;2;2;1
3rd (55);02:59;6;-3;8;3;4;25;3;9;3;1;3;11;24;7;no;9;1;4;1;3;2;4;1
4th (54);03:08;11;-2;5;5;7;0;4;24;2;0;0;10;10;8;no;10;1;0;3;4;3;3;2
5th (47);04:55;5;-2;4;3;26;0;5;6;3;0;1;12;15;7;no;14;5;0;1;4;3;5;0
6th (46);03:34;14;-1;7;7;15;0;4;0;2;1;2;9;15;11;no;11;3;0;0;4;4;3;1
1st (65);03:40;12;-2;7;5;5;0;11;27;3;0;4;4;10;3;no;10;2;0;3;2;6;2;0
2nd (54);03:03;9;-3;10;10;24;0;4;0;3;0;1;4;20;8;no;12;4;0;0;4;1;4;2
3rd (54);04:40;11;-3;0;7;22;0;0;17;2;1;0;14;3;9;no;11;4;0;2;3;2;3;1
4th (47);04:53;0;-6;1;20;20;8;4;0;4;0;5;12;4;0;no;8;5;4;0;0;3;1;1
5th (41);05:29;7;-3;2;3;0;18;6;8;3;0;1;12;4;5;no;9;0;4;1;3;2;4;3
6th (37);03:52;15;-1;7;10;6;0;0;0;3;1;1;3;8;12;yes;6;1;0;0;5;3;4;1
1st (66);02:48;16;-1;4;20;3;0;4;20;4;0;1;8;6;7;no;8;1;0;3;3;2;4;1
2nd (54);03:07;2;-4;6;7;31;0;3;9;3;0;1;6;7;2;no;13;7;0;1;2;2;3;0
3rd (54);03:55;0;-4;5;3;12;31;7;0;2;2;4;16;4;2;no;9;2;7;0;1;3;1;3
4th (50);03:49;8;-1;10;7;13;0;9;4;2;0;4;2;9;8;no;11;2;0;1;3;7;2;1
5th (50);04:01;5;-2;4;2;3;38;0;0;1;0;5;6;14;5;no;14;1;7;1;2;1;4;2
6th (47);04:16;9;0;2;5;11;0;7;13;3;0;3;7;5;8;no;10;2;0;1;4;5;2;1
1st (60);04:28;8;-3;3;5;13;25;0;9;3;0;3;10;14;2;no;10;4;5;1;1;2;1;1
2nd (56);05:05;0;-4;2;3;24;21;0;10;3;0;5;10;9;0;no;14;5;6;1;0;2;3;1
3rd (53);03:28;8;-3;8;20;13;0;7;0;4;0;3;8;8;5;no;8;2;0;0;2;7;3;0
4th (52);03:06;18;0;2;7;25;0;0;0;3;0;3;0;6;10;no;13;5;0;0;5;0;4;1
5th (48);03:39;9;-1;4;10;7;1;2;16;3;0;1;24;8;6;no;12;2;1;3;3;3;2;1
6th (34);05:13;5;-3;8;7;0;0;4;13;2;2;2;5;12;9;no;11;0;0;2;3;4;3;2
1st (57);02:51;0;-4;8;10;8;31;4;0;3;0;4;6;14;0;no;12;2;6;1;0;1;3;2
2nd (52);03:34;12;-1;2;10;19;0;3;7;3;0;1;1;2;8;yes;3;4;0;1;4;3;3;0
3rd (50);04:24;5;-3;1;10;9;16;0;12;3;1;3;14;2;3;yes;2;2;3;2;1;2;4;0
4th (47);04:13;9;0;4;20;4;0;0;10;4;0;0;10;9;10;no;8;2;0;1;5;3;3;0
5th (44);03:11;9;0;6;10;13;0;6;0;3;0;2;7;14;10;yes;4;2;0;0;3;4;3;3
6th (41);02:25;5;-4;0;7;23;1;0;9;3;0;2;6;3;9;no;13;5;1;1;4;1;3;0
1st (58);03:51;14;-1;4;7;13;2;0;19;2;0;2;8;14;10;no;11;2;2;2;3;3;3;1
2nd (57);03:55;8;-3;8;10;13;0;6;15;3;0;0;2;8;3;yes;6;2;0;2;2;3;3;3
3rd (53);04:14;10;-1;0;3;13;18;2;8;2;0;3;6;3;4;no;14;3;5;1;3;2;4;0
4th (52);03:48;0;-5;2;0;15;34;0;6;0;0;7;14;13;2;no;12;3;7;2;1;1;3;1
5th (50);03:26;16;-1;5;8;3;1;9;9;2;1;3;10;8;7;no;8;1;1;1;3;6;3;0
6th (45);03:43;1;-4;3;5;20;10;10;0;2;0;2;10;4;1;no;10;4;3;0;1;4;1;3
1st (67);04:16;16;-1;4;3;27;0;0;18;1;1;1;14;20;5;no;11;5;0;3;2;2;4;0
2nd (65);04:16;10;-2;2;3;0;34;11;7;3;1;3;32;3;3;no;9;0;6;1;2;5;0;3
3rd (63);03:42;8;-3;4;20;16;0;8;10;4;0;1;7;5;2;no;8;3;0;1;1;4;5;0
4th (55);03:15;0;-5;6;10;16;28;0;0;3;0;6;10;13;0;no;12;4;7;0;0;1;1;2
5th (53);04:03;18;0;6;7;22;0;0;0;3;1;0;4;10;10;no;13;4;0;0;5;1;4;0
6th (49);03:39;0;-5;6;10;8;18;3;9;3;0;4;3;19;0;yes;3;2;5;1;0;3;3;1
1st (69);03:09;13;-1;2;10;17;10;0;18;3;0;1;22;8;2;no;12;3;2;3;2;1;3;1
2nd (68);03:24;0;-6;3;3;9;48;3;8;3;0;6;9;6;0;no;14;2;9;1;0;4;2;0
3rd (54);03:57;8;-1;8;10;18;0;11;0;3;0;3;4;4;7;yes;3;3;0;0;3;6;2;1
4th (46);03:36;5;-3;7;7;20;0;5;5;2;0;3;3;8;10;no;11;4;0;1;3;5;3;0
5th (46);03:28;18;0;1;10;17;0;0;0;3;0;3;4;6;12;yes;6;4;0;0;6;1;3;1
6th (42);03:40;5;-4;10;3;4;2;6;16;2;2;0;6;16;6;no;9;1;2;2;2;3;3;3
1st (68);03:10;12;-1;5;10;10;0;0;32;3;0;0;10;13;5;no;12;2;0;4;3;1;4;1
2nd (62);04:31;18;0;4;15;6;0;4;15;3;1;0;6;14;4;yes;1;1;0;2;3;2;4;2
3rd (52);06:06;11;-1;7;7;11;5;2;10;2;0;2;9;16;6;no;11;2;3;1;2;3;3;2
4th (52);03:51;0;-4;5;3;10;38;0;0;2;0;2;4;13;0;no;14;2;7;1;0;1;5;2
5th (49);04:23;5;-3;4;3;21;13;6;0;3;2;6;11;4;3;no;9;5;3;0;1;6;0;1
6th (41);04:46;0;-5;1;5;33;0;0;7;3;3;1;20;0;2;no;10;8;0;0;1;2;1;0
1st (56);04:53;8;-3;8;3;13;0;8;19;2;0;2;7;14;6;no;9;3;0;3;3;6;2;1
2nd (51);04:05;18;0;4;7;17;0;5;0;2;0;0;10;11;12;no;11;3;0;0;5;1;5;2
3rd (51);04:39;0;-4;3;3;10;25;6;8;3;0;2;10;4;1;no;14;2;5;2;1;2;3;3
4th (50);05:10;9;-2;3;7;16;10;0;7;3;0;2;8;3;3;no;13;4;3;1;2;2;3;0
5th (45);04:37;8;-2;2;15;22;0;0;0;3;0;4;3;5;7;yes;1;5;0;0;3;3;3;1
6th (40);05:21;5;-3;1;5;11;21;0;0;2;0;6;5;6;10;no;10;3;6;0;4;1;1;1
1st (63);06:04;18;0;2;7;19;0;0;17;3;0;0;10;12;9;no;13;3;0;2;5;1;3;1
2nd (53);04:36;12;-2;2;13;3;0;0;25;3;1;0;12;8;7;no;8;1;0;3;3;2;5;0
3rd (53);04:04;8;-3;1;3;11;33;0;0;2;0;6;10;14;7;no;14;3;8;0;3;2;2;0
4th (52);06:33;3;-4;9;3;12;4;17;8;3;1;0;4;6;2;no;9;2;1;1;1;4;4;3
5th (51);05:57;6;-3;6;7;23;10;2;0;2;0;6;6;0;3;no;11;6;3;0;1;4;1;1
6th (44);05:50;3;-4;7;10;2;26;0;0;3;0;2;8;10;5;no;12;1;5;1;2;2;2;2
1st (68);04:32;14;-1;5;0;6;36;0;8;0;1;7;6;14;7;no;14;1;8;1;3;2;2;0
2nd (59);03:24;16;-2;9;13;13;0;10;0;3;0;4;2;20;7;no;8;2;0;0;3;5;5;0
3rd (57);03:01;16;-1;5;7;18;0;2;10;2;0;3;12;4;7;no;11;4;0;2;2;3;3;2
4th (51);02:54;0;-5;6;3;4;38;0;5;3;1;2;6;12;0;no;9;1;6;2;0;1;3;3
5th (48);03:15;4;-3;3;10;19;0;8;7;3;1;3;22;2;3;no;12;5;0;1;2;3;2;1
6th (42);04:06;2;-4;4;10;12;10;4;4;3;1;2;10;6;1;yes;6;2;3;1;1;4;1;2
1st (61);03:18;18;0;0;3;24;0;0;16;3;0;1;10;6;6;no;14;6;0;2;3;2;4;1
2nd (58);03:58;17;0;7;7;3;0;3;21;3;2;0;4;3;8;no;13;1;0;2;4;3;2;1
3rd (57);02:20;0;-6;1;5;2;55;0;0;2;1;5;16;7;2;no;12;1;9;1;1;1;1;1
4th (55);04:53;17;0;5;5;11;9;1;7;3;1;5;4;15;6;no;10;3;3;0;3;1;3;1
5th (49);03:40;0;-4;6;20;21;0;6;0;4;0;2;6;5;1;no;8;4;0;0;1;6;3;0
6th (39);03:44;0;-6;7;7;16;0;9;6;2;0;3;2;6;2;no;11;3;0;1;0;5;5;2
1st (68);03:03;12;-1;9;3;14;0;6;25;1;0;0;4;8;4;no;11;2;0;3;2;2;5;3
2nd (57);03:32;0;-4;2;0;0;55;4;0;1;1;6;6;4;3;no;13;0;9;1;1;1;2;2
3rd (54);04:08;16;-1;4;5;7;0;0;23;3;0;1;9;7;8;no;10;2;0;2;3;4;3;1
4th (50);05:32;5;-2;1;20;17;0;0;9;4;1;3;7;6;6;no;8;4;0;1;2;3;3;0
5th (49);05:28;13;-1;4;3;29;1;0;0;3;0;2;6;8;6;no;14;7;1;0;3;1;4;2
6th (47);03:18;1;-4;5;3;3;36;3;0;3;1;4;8;7;1;no;9;1;7;0;1;3;3;1
1st (68);03:40;0;-6;5;7;0;55;0;7;3;0;4;8;22;0;no;13;0;9;2;0;0;3;1
2nd (66);04:50;18;0;3;3;21;18;3;0;3;0;5;12;6;5;no;14;4;5;0;3;3;3;0
3rd (56);04:54;8;0;8;3;3;1;3;30;3;1;0;2;16;8;no;9;1;0;4;3;2;4;3
4th (53);04:21;0;-5;1;20;27;0;3;7;4;1;1;16;4;0;no;8;5;0;1;0;4;3;0
5th (46);04:36;18;0;4;7;11;2;4;0;2;0;1;16;4;11;no;11;3;2;0;4;4;3;0
6th (36);03:14;0;-3;6;10;19;0;4;0;3;0;1;2;4;8;no;12;4;0;0;3;3;4;1
1st (69);05:19;16;0;12;20;17;0;4;0;4;2;0;6;16;4;no;8;4;0;0;2;3;3;0
2nd (66);03:15;18;0;5;7;11;0;3;22;2;2;2;11;10;8;no;11;2;0;2;3;4;3;0
3rd (59);03:29;0;-5;2;3;8;38;6;7;3;2;3;22;4;0;no;9;1;7;1;0;3;0;3
4th (50);03:30;8;-4;6;3;6;31;0;0;3;0;3;3;14;5;no;14;2;7;0;2;3;2;2
5th (45);03:59;10;-2;2;5;20;0;0;10;3;3;2;7;5;4;no;10;5;0;1;2;1;3;0
6th (42);06:34;0;-5;10;10;14;0;7;6;3;3;0;6;6;0;yes;6;3;0;1;0;4;3;1
1st (55);04:50;9;-2;2;3;21;9;7;6;3;2;3;16;5;3;no;9;4;2;1;2;2;2;2
2nd (54);04:51;12;-1;10;7;12;0;8;6;2;0;2;3;8;8;no;11;2;0;1;3;6;3;1
3rd (53);02:36;11;-1;6;7;18;0;3;9;3;0;1;2;10;11;no;13;4;0;1;5;2;3;0
4th (50);03:27;0;-4;8;10;10;26;0;0;3;0;3;9;17;0;yes;7;2;7;0;0;4;2;1
5th (50);05:39;5;-3;2;10;12;16;3;5;3;0;3;13;4;3;no;12;3;4;1;1;2;3;1
6th (38);03:26;10;-2;2;15;9;0;4;0;3;1;1;6;5;12;yes;1;2;0;0;5;1;4;2
1st (62);06:18;9;-1;3;3;27;4;0;17;2;0;2;4;14;5;no;14;5;2;2;3;1;4;0
2nd (56);04:33;3;-4;2;3;13;33;0;6;1;1;7;10;12;2;no;9;3;8;1;1;0;2;1
3rd (46);03:30;8;-2;7;7;11;0;0;15;2;0;2;5;7;7;no;11;3;0;2;2;4;4;1
4th (45);03:35;16;-1;3;10;6;4;0;7;3;0;0;8;6;10;no;12;1;2;1;4;1;4;2
5th (41);03:19;5;-3;4;7;19;0;5;4;3;0;3;9;8;6;no;13;6;0;1;2;4;2;0
6th (36);03:34;6;-2;2;5;11;5;5;4;3;0;2;13;2;6;no;10;2;3;0;3;5;2;0
1st (71);03:52;18;0;9;20;9;0;7;8;4;0;1;6;16;5;no;8;2;0;1;3;5;3;0
2nd (65);02:57;17;0;4;5;15;0;3;21;3;1;0;9;5;7;no;10;3;0;1;4;3;3;0
3rd (54);03:32;5;-3;3;10;5;31;3;0;3;0;4;22;2;3;no;12;2;7;0;1;3;1;1
4th (48);04:37;0;-3;2;0;12;16;0;21;1;0;5;15;10;0;no;13;3;5;3;0;5;0;1
5th (45);03:25;0;-5;10;10;12;0;12;6;3;0;0;4;11;1;yes;7;2;0;1;1;3;6;3
6th (45);02:55;8;-3;4;3;23;10;0;0;2;0;0;5;17;5;yes;2;4;2;0;2;1;5;2
1st (65);03:50;0;-6;3;2;11;55;0;0;1;1;7;6;2;0;no;14;2;10;0;0;1;2;2
2nd (54);04:27;13;-1;3;5;15;10;0;9;2;0;0;6;7;8;no;12;3;3;1;4;2;3;0
3rd (53);03:05;9;0;3;10;0;18;6;7;3;0;2;2;6;6;yes;2;0;4;1;3;1;3;3
4th (50);03:59;0;0;7;10;21;0;3;9;3;0;2;2;9;6;yes;6;6;0;1;3;2;3;0
5th (50);04:44;1;-2;4;5;15;0;3;24;3;0;2;10;5;6;no;10;3;0;2;3;2;4;1
6th (47);03:41;13;-3;3;20;8;0;6;0;4;0;3;10;7;10;no;8;1;0;0;4;6;3;0
1st (56);03:55;10;-2;3;2;26;4;4;9;1;0;7;13;6;7;no;12;6;2;1;3;4;1;0
2nd (54);03:01;8;-2;4;20;7;0;4;13;4;1;0;10;14;4;no;8;1;0;2;3;1;4;2
3rd (52);03:16;9;-1;5;3;8;21;0;7;2;0;4;2;19;4;no;14;1;6;1;2;1;5;2
4th (49);03:14;11;-3;5;5;13;0;4;14;3;0;2;9;8;9;no;10;3;0;1;4;4;1;2
5th (45);03:15;11;-2;10;7;15;0;4;0;2;2;0;5;7;7;no;11;4;0;0;2;4;4;0
6th (43);03:32;0;-5;2;3;3;31;4;5;3;5;2;18;3;0;no;9;1;5;2;0;1;2;2
1st (56);03:08;13;0;9;10;9;0;7;8;3;0;1;5;6;9;no;12;2;0;1;4;4;2;2
2nd (54);05:21;9;-1;4;20;5;0;0;17;4;1;1;4;15;6;no;8;2;0;2;3;0;4;2
3rd (53);03:00;13;-1;3;7;22;0;0;9;3;0;2;2;11;8;no;13;4;0;1;4;3;3;0
4th (53);03:33;0;-6;1;3;5;48;2;0;2;0;5;16;2;0;no;14;2;8;1;0;3;2;2
5th (50);03:29;1;-4;1;3;11;38;0;0;3;1;4;6;5;4;no;9;2;7;0;2;1;2;2
6th (46);04:54;13;-3;2;3;20;0;6;5;1;0;0;10;4;9;no;11;4;0;1;3;3;6;0
1st (63);03:34;0;-6;11;10;25;0;9;14;3;1;3;15;12;0;no;12;5;0;1;0;6;1;1
2nd (60);04:27;13;-1;0;3;12;31;2;0;3;3;3;20;9;3;no;9;2;6;0;2;2;1;1
3rd (56);05:11;9;-2;8;3;0;33;5;0;3;2;5;10;14;1;no;14;0;8;0;1;3;3;1
4th (49);04:24;5;-5;4;7;17;8;3;10;3;0;4;6;14;5;no;13;3;4;2;2;1;3;0
5th (47);03:36;8;0;1;20;15;0;3;0;4;1;0;14;4;9;no;8;3;0;0;4;3;3;0
6th (43);08:47;9;0;4;10;19;1;0;0;3;0;1;0;12;9;yes;3;4;1;0;4;3;2;1
1st (63);03:15;18;0;4;5;14;0;4;18;2;0;1;22;8;9;no;12;3;0;2;5;4;2;0
2nd (62);03:25;18;0;3;7;13;0;3;18;3;0;0;2;2;9;no;13;2;0;2;5;3;2;1
3rd (53);04:54;0;-4;6;3;14;26;0;8;3;0;2;10;18;2;no;14;3;6;1;1;1;5;1
4th (50);04:31;5;-3;0;5;25;0;2;16;3;0;2;9;2;5;no;10;6;0;1;2;4;2;0
5th (48);06:03;8;-4;9;3;7;18;7;0;3;2;3;6;14;5;no;9;1;4;0;2;3;3;2
6th (37);02:55;1;-5;3;20;8;0;4;6;4;0;2;3;8;4;no;8;2;0;1;2;4;4;1
1st (61);03:11;16;-2;11;7;15;0;10;4;2;0;5;4;8;7;no;11;3;0;1;2;8;2;0
2nd (56);03:16;1;-5;6;20;14;0;8;12;4;1;1;6;10;1;no;8;3;0;1;1;2;4;2
3rd (56);04:14;18;0;2;3;20;2;0;11;3;0;3;8;10;7;no;14;4;2;1;4;4;3;0
4th (53);03:21;9;-2;3;7;21;2;0;13;3;0;4;8;8;4;no;13;5;2;2;2;1;3;0
5th (47);03:19;9;-2;3;3;21;1;5;7;2;1;2;8;4;6;no;9;5;1;1;3;3;2;2
6th (36);04:56;0;-6;3;10;4;21;4;0;3;0;4;12;6;3;yes;5;1;6;0;1;2;3;2
1st (67);04:47;18;0;2;7;10;0;0;30;2;0;1;9;2;6;no;11;2;0;3;3;3;4;1
2nd (64);04:14;4;-4;4;3;31;16;3;7;3;0;6;4;10;1;no;14;6;5;1;1;1;3;1
3rd (46);04:35;9;-1;3;15;11;0;3;6;3;2;2;12;6;8;yes;1;3;0;1;4;3;2;0
4th (39);03:14;0;-6;4;7;11;21;2;0;3;0;5;6;14;2;no;13;3;6;0;1;1;2;2
5th (38);04:30;10;-4;4;2;0;26;0;0;1;0;4;13;10;12;no;12;0;6;0;4;4;2;1
6th (37);04:51;9;-1;3;3;16;1;0;6;2;0;1;8;10;11;yes;2;3;0;1;5;2;4;1
1st (64);03:27;18;0;7;10;21;0;3;5;3;2;0;10;5;4;no;12;3;0;1;3;2;3;1
2nd (52);03:52;9;0;5;10;12;10;0;6;3;0;1;6;22;11;yes;3;2;3;1;5;1;3;0
3rd (49);04:52;9;0;7;7;0;0;5;21;2;0;1;12;16;11;no;11;0;0;3;4;3;5;1
4th (48);03:54;0;-4;3;10;21;10;4;4;3;0;5;8;12;0;yes;7;5;3;1;0;4;2;1
5th (46);04:24;5;-3;6;3;3;25;7;0;3;3;2;18;9;6;no;9;1;3;1;2;3;3;2
6th (43);04:12;0;-6;1;20;23;5;0;0;4;1;3;16;6;0;no;8;5;3;0;0;1;3;1
1st (68);02:42;18;0;8;5;0;9;10;18;3;0;5;5;8;7;no;10;0;3;1;4;5;1;1
2nd (63);03:50;5;-2;2;3;0;55;0;0;3;3;5;16;12;6;no;14;0;10;0;2;0;2;1
3rd (54);10:52;18;0;0;7;24;0;0;5;2;1;1;16;0;8;no;11;5;0;1;3;2;4;0
4th (49);04:06;4;-3;6;20;6;0;6;10;4;0;2;10;9;6;no;8;1;0;1;3;6;2;1
5th (46);08:15;0;-4;5;10;15;4;6;10;3;0;1;8;18;3;yes;2;3;1;1;1;4;4;1
6th (43);03:27;0;-6;7;5;17;18;2;0;2;1;5;2;10;0;no;12;4;4;1;0;2;3;1
1st (57);04:15;7;-2;3;10;12;16;3;8;3;0;7;10;4;3;no;12;3;5;1;2;3;1;0
2nd (52);04:46;1;-4;2;10;5;38;0;0;3;0;2;8;15;1;yes;2;1;6;1;1;1;4;1
3rd (50);03:37;13;-3;2;20;14;0;4;0;4;1;1;14;5;5;no;8;4;0;0;2;2;3;2
4th (48);05:42;10;-2;1;3;36;0;0;0;2;0;2;6;5;7;no;14;7;0;0;3;2;4;2
5th (47);04:34;16;0;7;7;5;0;0;12;2;1;1;4;10;10;no;11;1;0;2;4;3;4;1
6th (42);04:16;3;-3;5;7;16;0;7;7;3;0;3;2;5;6;no;13;4;0;1;3;5;2;0
1st (58);05:28;9;-2;1;20;19;0;0;11;4;0;2;15;19;6;no;8;3;0;2;3;2;3;1
2nd (54);03:53;0;-5;4;3;9;31;4;8;3;3;4;18;12;0;no;9;2;6;1;0;3;1;2
3rd (52);03:40;8;-3;6;3;19;10;3;6;3;1;3;14;16;7;no;14;4;3;1;3;2;3;1
4th (50);04:39;16;0;7;10;5;0;3;9;3;1;1;12;8;8;yes;3;1;0;1;3;6;2;1
5th (49);02:51;17;0;11;7;6;1;7;0;2;1;1;9;13;10;no;11;1;1;0;4;5;3;1
6th (45);02:33;0;-4;5;10;27;1;0;6;3;0;2;16;16;3;no;12;7;1;1;1;1;3;1
1st (61);05:02;13;-1;0;3;21;16;0;9;2;1;3;14;10;4;no;14;4;5;1;2;3;1;1
2nd (58);04:39;13;-2;0;20;11;0;0;16;4;0;1;16;11;10;no;8;2;0;2;4;2;3;1
3rd (55);03:13;13;-1;12;10;6;0;9;6;3;0;3;5;11;8;yes;5;1;0;1;4;6;2;1
4th (53);06:08;3;-4;6;10;20;0;3;15;3;1;1;7;8;2;yes;4;4;0;2;0;3;5;0
5th (50);03:56;0;-4;4;0;5;43;0;2;2;0;4;10;20;0;no;13;2;8;2;0;0;4;0
6th (46);03:46;8;-2;2;10;26;0;2;0;3;2;2;20;12;5;yes;3;6;0;0;2;2;3;0
1st (68);05:48;13;0;6;3;32;0;0;14;3;1;1;6;24;6;no;14;6;0;2;3;0;4;2
2nd (47);04:12;8;-3;2;3;0;28;3;6;1;3;6;11;3;5;yes;6;0;7;1;2;3;0;1
3rd (44);04:22;1;-3;1;3;16;13;6;7;3;0;2;18;4;3;no;9;4;3;1;2;2;1;3
4th (43);04:51;8;-1;4;5;14;0;4;9;3;1;6;8;6;10;no;10;4;0;1;4;4;1;0
5th (42);04:02;1;-4;5;10;14;13;3;0;3;0;2;10;8;4;no;12;3;4;0;2;2;4;0
6th (40);03:12;8;0;6;8;6;10;2;0;2;1;2;5;13;10;no;8;1;2;1;4;4;2;1
1st (55);03:00;12;-1;8;7;19;0;3;7;3;1;1;2;13;8;no;13;3;0;1;4;2;4;0
2nd (54);03:16;14;-1;1;5;23;0;0;12;3;0;2;2;4;9;no;10;5;0;1;4;2;2;1
3rd (52);07:52;14;0;1;15;9;4;0;9;3;1;2;9;9;9;yes;1;2;2;1;4;2;2;1
4th (51);04:28;9;-1;8;7;13;0;0;15;2;1;1;13;16;7;no;11;3;0;2;2;3;5;0
5th (47);03:53;0;-6;0;10;12;31;0;0;3;1;3;22;7;0;no;12;3;6;1;0;0;3;1
6th (44);03:39;0;-6;7;0;11;26;6;0;0;0;2;5;4;0;no;14;2;6;0;0;6;2;2
1st (63);03:29;11;-3;10;10;12;0;0;23;3;0;0;2;12;4;no;12;2;0;3;2;2;5;1
2nd (55);04:12;15;-1;6;10;5;13;7;0;3;1;3;10;11;5;yes;3;1;4;0;3;4;2;0
3rd (55);04:02;6;-2;3;3;25;0;0;20;2;0;1;10;6;6;no;14;5;0;3;3;3;4;0
4th (50);03:19;14;0;3;20;8;0;5;0;4;1;0;6;2;9;no;8;2;0;0;4;2;5;0
5th (48);03:46;4;-4;1;3;12;26;6;0;3;1;3;10;5;3;no;9;3;5;0;2;1;2;3
6th (47);03:08;0;-6;6;7;28;4;8;0;3;0;2;5;7;0;no;13;5;1;1;0;5;2;1
1st (71);02:26;18;0;4;7;21;0;0;21;3;0;1;2;14;8;no;13;5;0;2;4;1;3;0
2nd (60);03:43;10;-2;10;10;15;13;0;4;3;0;2;9;26;3;no;12;2;4;1;1;3;3;1
3rd (58);04:41;3;-4;2;3;0;47;7;0;3;2;6;20;4;2;no;9;0;8;0;1;3;1;2
4th (56);03:59;3;-4;4;3;29;0;8;13;3;0;4;12;7;1;no;14;7;0;2;1;5;3;0
5th (48);04:25;18;0;4;10;9;0;7;0;3;3;2;5;2;6;yes;4;2;0;0;3;4;3;0
6th (35);05:16;0;-6;1;10;21;9;0;0;3;2;4;10;5;5;yes;3;4;3;0;2;0;3;1
1st (66);03:21;18;0;4;7;22;0;4;11;3;0;1;6;13;6;no;13;5;0;1;3;2;4;0
2nd (63);03:05;0;-4;0;3;3;47;3;11;3;2;7;18;4;2;no;9;1;8;1;1;3;0;1
3rd (55);02:38;18;0;4;5;0;5;3;20;3;1;3;10;4;7;no;10;0;3;2;4;2;2;1
4th (50);04:08;5;-3;10;3;27;0;0;8;2;0;0;2;23;5;no;14;6;0;1;2;2;5;2
5th (48);02:59;9;-3;1;10;21;0;3;7;3;0;2;9;9;6;yes;4;4;0;1;2;3;3;2
6th (39);03:52;0;-6;6;15;11;9;4;0;3;3;3;13;5;2;yes;1;2;3;0;1;4;1;1
1st (62);03:07;10;-2;6;10;13;10;0;15;3;1;1;12;15;4;no;12;2;3;2;2;2;1;2
2nd (60);03:43;10;-2;0;5;11;36;0;0;2;1;7;9;4;6;no;10;2;8;0;3;0;0;2
3rd (58);02:56;11;-2;7;7;29;0;6;0;3;0;2;2;14;7;no;13;7;0;0;3;2;3;0
4th (42);03:52;8;-2;6;3;17;4;6;0;3;1;4;5;10;5;no;9;3;1;0;2;6;2;1
5th (42);04:19;10;-1;1;10;6;16;0;0;3;1;3;10;4;8;yes;7;1;5;0;3;1;4;1
6th (37);04:57;0;-6;2;15;10;0;4;12;3;2;1;16;7;0;yes;1;2;0;2;0;4;5;0
1st (59);07:20;14;-2;5;3;17;4;0;18;3;0;1;4;19;9;no;14;4;2;2;4;2;3;1
2nd (54);04:41;0;-5;6;3;6;26;3;15;1;0;3;12;9;0;yes;6;1;7;2;0;3;3;1
3rd (49);02:42;8;-2;3;10;23;0;7;0;3;0;1;7;4;6;yes;4;4;0;0;3;4;2;2
4th (45);04:49;13;0;4;5;5;10;3;5;3;0;1;5;12;5;no;10;1;2;2;2;2;3;3
5th (42);08:13;14;-2;5;15;6;0;4;0;3;2;1;8;8;11;yes;1;1;0;0;5;2;4;1
6th (42);05:42;0;-4;2;3;23;13;5;0;3;1;3;20;4;2;no;9;5;3;0;1;5;1;1
1st (68);04:01;5;0;3;5;0;55;0;0;2;0;6;9;7;5;no;10;0;9;1;2;2;2;0
2nd (53);04:25;17;0;0;10;19;0;0;7;3;1;2;22;10;11;yes;5;4;0;1;5;1;1;2
3rd (48);04:53;0;-2;5;15;4;0;7;19;3;0;0;4;5;6;yes;1;1;0;3;3;3;4;1
4th (46);05:18;0;-3;7;3;30;0;0;9;1;0;1;10;23;5;yes;4;5;0;1;2;2;5;2
5th (46);05:17;9;0;2;3;6;18;4;4;3;1;2;7;6;6;no;9;1;4;1;3;4;2;1
6th (42);04:56;0;-4;8;10;11;0;17;0;3;1;0;9;10;2;yes;7;2;0;0;1;6;4;2
1st (65);04:25;9;-2;3;5;10;16;0;24;2;0;4;8;11;3;no;12;2;4;3;2;0;4;1
2nd (60);03:53;11;-1;4;10;11;0;8;17;3;1;1;13;7;5;yes;4;2;0;2;2;5;2;1
3rd (58);06:18;5;-2;2;3;0;47;3;0;3;1;5;13;12;6;no;14;0;8;1;3;3;1;1
4th (52);06:57;9;-1;5;15;14;0;2;8;3;2;3;7;12;6;yes;1;3;0;1;3;3;2;1
5th (49);04:41;0;-6;5;10;32;0;8;0;3;0;4;8;8;0;yes;3;7;0;0;0;3;5;0
6th (44);04:05;10;0;5;3;22;4;0;0;2;2;0;14;13;9;no;9;4;2;0;4;2;3;2
1st (65);04:11;17;0;6;7;24;0;4;7;3;0;1;10;7;6;no;13;5;0;1;3;4;2;0
2nd (62);03:43;18;0;3;7;16;1;6;11;2;1;0;12;0;6;no;11;3;1;1;3;2;4;1
3rd (59);06:04;18;0;5;2;11;13;3;7;1;0;1;0;10;3;no;12;2;3;2;2;3;3;2
4th (51);02:59;0;-6;3;5;0;31;4;14;3;0;3;7;4;0;no;10;0;7;1;0;4;2;1
5th (49);03:30;0;-5;6;20;16;0;6;6;4;0;1;6;16;1;no;8;3;0;1;1;3;3;3
6th (38);03:48;0;-6;3;10;21;10;0;0;3;2;4;4;2;0;yes;7;6;4;0;0;1;2;1
1st (53);03:17;0;-4;5;20;15;0;9;8;4;0;1;10;12;1;no;8;3;0;1;1;5;2;2
2nd (52);04:32;17;0;6;3;10;1;8;7;3;0;1;8;8;9;no;14;3;1;1;4;5;3;1
3rd (52);04:43;16;-1;5;7;13;0;4;8;2;0;1;10;5;10;no;11;3;0;1;4;3;4;1
4th (52);03:15;10;-2;3;5;23;0;3;10;3;0;3;5;6;7;no;10;5;0;0;4;3;1;2
5th (36);05:54;0;-4;4;10;13;1;0;12;3;0;0;6;6;2;no;12;2;1;2;1;2;6;1
6th (35);03:42;5;-3;6;3;11;13;0;0;2;1;2;4;6;8;no;9;2;3;1;3;2;3;3
1st (70);04:05;18;0;7;3;21;0;4;17;2;1;2;2;10;7;no;9;4;0;2;4;2;4;2
2nd (59);04:36;15;0;6;7;5;0;5;21;3;0;1;10;8;10;no;13;1;0;3;5;5;1;0
3rd (52);06:05;0;-4;2;3;8;43;0;0;2;0;6;8;14;0;yes;7;2;9;0;0;3;2;1
4th (50);05:21;8;-2;6;10;14;0;6;8;3;0;0;12;10;7;yes;5;2;0;1;3;2;4;3
5th (50);04:15;0;-6;3;20;20;0;4;9;4;1;0;6;4;0;no;8;4;0;1;0;3;4;1
6th (46);04:32;8;-3;4;3;9;16;9;0;1;0;3;14;6;6;no;11;2;5;0;2;3;2;3
1st (64);03:40;5;-3;2;3;15;10;6;26;3;0;1;11;12;3;no;14;3;3;3;1;2;6;0
2nd (60);02:51;0;-4;4;5;12;43;0;0;2;0;6;12;12;0;no;12;2;9;0;0;2;1;2
3rd (60);04:09;18;0;4;10;12;0;8;8;3;2;1;18;10;7;yes;4;2;0;1;2;4;2;2
4th (52);06:42;12;-1;4;10;16;1;5;5;3;1;3;13;10;5;yes;2;3;0;1;3;5;2;0
5th (46);03:19;13;-1;4;7;23;0;0;0;3;1;0;8;18;9;no;13;6;0;0;4;0;3;1
6th (42);05:22;0;-5;3;10;13;13;0;8;3;0;4;16;16;4;yes;3;4;3;2;2;2;2;0
1st (61);03:45;16;-1;1;5;22;0;3;15;3;0;4;7;6;7;no;10;4;0;1;3;3;3;1
2nd (52);03:55;1;-4;7;3;9;31;5;0;3;2;3;8;11;1;no;14;2;7;0;1;2;2;2
3rd (52);05:45;11;-2;5;10;21;0;3;4;3;0;1;18;8;7;yes;6;5;0;1;3;3;2;1
4th (51);03:28;11;-1;3;20;15;0;3;0;4;1;1;10;14;6;no;8;4;0;0;3;2;3;1
5th (47);03:26;3;-2;2;3;12;26;0;3;3;1;1;6;11;5;no;9;2;4;2;2;1;4;2
6th (41);03:27;0;-2;4;10;10;10;0;9;3;0;3;5;4;5;no;12;2;3;1;2;4;3;0
1st (65);04:45;7;-1;7;20;10;0;4;18;4;0;0;10;20;5;no;8;2;0;3;3;2;4;0
2nd (59);05:28;17;0;4;10;13;0;0;15;3;0;2;7;8;9;no;12;3;0;2;4;2;4;0
3rd (48);03:39;10;-1;4;7;21;0;7;0;2;0;3;16;8;9;no;11;5;0;0;3;5;2;1
4th (43);04:38;8;-1;1;5;17;0;5;8;3;0;0;12;4;6;no;10;4;0;1;3;4;1;2
5th (41);05:34;0;-4;8;0;16;21;0;0;2;1;4;0;13;1;no;13;3;6;0;1;1;4;0
6th (41);03:52;0;-5;4;3;10;18;4;7;3;2;5;16;8;5;no;9;2;4;1;2;4;1;2
1st (70);03:54;17;0;8;5;11;0;3;26;3;2;1;10;20;6;no;10;2;0;2;3;3;1;2
2nd (63);05:22;18;0;1;2;9;25;0;8;1;1;3;7;6;6;no;14;2;5;2;3;2;2;1
3rd (55);06:29;0;-6;9;3;5;31;8;5;3;1;3;6;14;0;no;9;2;6;1;0;3;2;3
4th (54);05:49;0;-6;5;20;31;0;4;0;4;0;0;12;13;2;no;8;6;0;0;1;3;3;1
5th (53);04:27;0;-4;8;10;12;16;6;5;3;0;4;14;13;1;no;12;3;4;1;1;3;3;0
6th (51);06:16;17;0;4;7;18;0;4;1;2;3;0;23;6;5;no;11;3;0;1;2;3;4;0
1st (62);04:22;17;0;4;7;14;0;0;20;2;0;0;8;10;6;no;11;2;0;3;3;3;3;2
2nd (56);04:54;0;-5;0;3;7;45;6;0;2;1;2;18;8;0;yes;2;2;6;1;0;1;2;3
3rd (52);03:54;1;-2;12;10;22;0;9;0;3;0;3;6;13;2;no;12;4;0;0;2;5;4;0
4th (49);06:29;13;0;7;15;8;0;0;6;3;0;0;13;20;11;yes;1;2;0;1;4;3;3;2
5th (46);05:38;0;-2;1;3;6;21;2;15;2;2;6;10;2;2;no;14;2;6;2;1;3;2;0
6th (44);04:53;5;-1;4;7;26;0;3;0;3;0;3;8;10;8;no;13;6;0;0;3;3;3;0
1st (61);04:37;16;-2;0;3;10;26;0;8;2;0;4;6;6;9;no;14;2;6;1;4;0;3;2
2nd (54);03:58;13;-3;6;5;9;0;0;24;3;1;0;7;8;5;no;10;2;0;2;2;3;4;1
3rd (52);03:33;9;-2;4;8;23;0;4;6;2;0;1;10;4;6;no;8;4;0;1;3;4;2;2
4th (52);05:00;7;-2;2;10;18;0;4;13;3;0;2;7;9;3;yes;4;4;0;2;1;4;4;0
5th (48);04:25;1;-4;6;3;0;38;4;0;3;0;2;4;10;4;no;9;0;7;0;2;4;2;2
6th (44);02:56;6;-3;6;10;17;5;3;0;3;0;4;8;5;4;no;12;4;3;0;2;1;3;2
1st (56);03:50;5;-2;6;10;9;0;5;23;3;0;1;4;2;4;yes;3;2;0;3;3;5;2;0
2nd (56);03:40;0;-2;3;0;17;38;0;0;2;0;4;10;16;2;no;13;3;8;0;1;0;3;1
3rd (55);03:02;3;-2;3;3;0;26;5;17;3;2;3;16;4;2;no;9;0;5;2;1;5;2;0
4th (52);03:10;13;-2;3;3;31;0;4;0;1;0;2;4;8;9;no;11;7;0;0;3;2;4;1
5th (48);06:32;7;-3;9;3;22;1;9;0;3;1;3;11;18;7;no;14;5;1;0;3;6;2;0
6th (33);03:15;13;-2;3;8;5;1;0;5;2;2;0;16;13;10;no;8;1;1;1;4;1;3;3
1st (65);05:05;17;-1;4;7;13;1;3;21;3;0;1;10;18;6;no;13;3;1;3;3;2;3;0
2nd (53);08:25;17;0;1;5;6;10;0;14;3;2;3;11;8;10;no;10;1;3;1;5;0;1;2
3rd (52);08:06;9;-2;10;13;6;0;3;13;3;0;1;8;15;6;no;8;1;0;2;3;5;3;1
4th (51);07:59;0;-6;1;3;27;26;0;0;2;0;2;11;14;0;yes;7;5;5;1;0;2;3;1
5th (47);04:13;5;-4;6;10;15;0;15;0;3;0;2;16;10;5;yes;4;4;0;0;1;5;3;2
6th (40);05:20;2;-3;4;2;14;13;4;4;1;2;2;17;8;2;no;12;2;4;1;2;4;1;1
1st (69);03:09;9;0;10;10;21;0;7;12;3;0;1;4;20;6;yes;3;4;0;1;3;2;4;1
2nd (57);02:53;17;0;9;7;16;0;8;0;2;1;3;5;6;8;no;11;4;0;0;3;6;2;0
3rd (49);02:21;16;-2;2;7;26;0;0;0;3;0;3;3;2;10;no;13;6;0;0;4;3;2;0
4th (47);02:53;1;-4;8;10;7;4;4;17;3;1;1;4;8;3;no;12;1;2;2;2;2;3;2
5th (34);03:14;0;-6;0;3;3;34;0;0;2;2;3;20;2;0;no;9;1;7;1;0;2;1;3
6th (32);02:57;1;-2;1;3;22;0;1;6;1;1;0;4;2;6;yes;1;4;0;1;3;1;4;3
1st (64);04:09;13;-1;4;3;15;13;0;17;2;0;3;8;10;3;yes;5;3;4;2;2;1;3;1
2nd (58);03:34;17;0;4;10;5;16;6;0;3;0;5;8;5;6;yes;6;2;4;0;3;3;2;1
3rd (48);04:07;0;-4;5;10;25;0;3;9;3;0;2;1;7;4;yes;3;5;0;1;2;3;2;2
4th (45);02:42;5;-5;3;3;4;31;4;0;2;0;4;4;7;8;yes;2;1;6;0;3;2;2;2
5th (44);04:58;17;0;2;15;6;0;0;4;3;1;1;10;0;11;yes;1;1;0;1;5;4;3;0
6th (42);04:06;0;-6;2;3;17;9;4;13;1;0;3;10;12;2;yes;7;3;3;2;1;2;4;2
1st (54);06:06;18;0;7;7;0;1;5;16;2;0;0;14;10;11;no;11;0;1;2;4;3;5;1
2nd (53);05:30;16;-1;4;10;10;0;6;8;3;0;4;5;6;8;yes;7;2;0;1;4;6;3;0
3rd (52);04:31;0;-5;6;7;23;18;3;0;3;1;1;6;11;0;no;13;4;5;0;0;1;3;1
4th (46);05:16;11;-2;5;10;4;13;5;0;3;0;5;11;6;7;no;12;2;3;1;3;5;1;0
5th (45);04:54;4;-3;5;3;20;0;6;10;2;1;1;6;7;6;no;9;4;0;2;3;3;2;3
6th (43);06:11;3;-5;6;10;10;16;3;0;3;0;4;10;12;5;yes;3;2;5;0;2;2;3;1
1st (61);05:22;0;-6;2;10;0;55;0;0;3;1;5;14;3;0;no;12;0;10;0;0;0;3;1
2nd (56);04:28;13;0;6;10;0;0;7;20;3;0;2;4;12;6;yes;7;0;0;2;3;5;5;1
3rd (56);04:09;16;0;5;7;16;0;4;8;2;0;1;10;10;10;no;11;3;0;1;4;4;3;1
4th (55);06:04;4;-3;3;3;18;25;5;0;3;0;4;14;4;5;no;9;3;3;1;3;4;2;1
5th (53);05:58;9;-2;5;10;23;0;4;4;3;0;1;11;12;4;yes;3;5;0;1;2;4;2;1
6th (43);04:50;5;-4;6;10;10;0;0;16;3;0;0;4;16;6;yes;6;3;0;3;2;2;4;1
1st (60);02:43;8;0;9;7;5;0;12;19;2;0;3;5;4;5;no;11;1;0;3;2;7;3;0
2nd (56);03:32;8;-3;6;7;24;0;3;11;3;0;0;1;9;5;no;13;5;0;1;2;3;3;1
3rd (55);03:35;8;-3;6;10;3;21;0;10;3;0;4;10;8;5;no;12;1;6;1;2;2;2;1
4th (55);03:31;12;0;2;3;30;4;4;0;3;0;2;20;15;8;no;14;6;2;0;4;2;2;2
5th (50);02:47;0;-4;3;5;0;26;0;20;3;0;3;15;16;5;no;10;0;5;3;2;1;2;2
6th (43);04:47;2;-4;2;3;24;13;3;0;3;0;1;8;7;1;no;9;4;3;0;1;4;3;2
1st (56);10:59;14;-1;7;3;9;1;8;15;2;0;2;4;10;8;no;14;3;1;2;4;3;5;0
2nd (56);04:00;10;-2;4;3;33;0;8;0;2;2;2;14;11;3;no;9;7;0;0;2;2;2;3
3rd (52);04:46;0;-6;8;10;10;21;3;6;3;0;5;14;16;0;no;12;2;6;1;0;3;2;1
4th (50);03:31;11;-3;1;20;8;0;0;13;4;0;2;5;8;7;no;8;1;0;2;3;3;3;2
5th (46);05:36;17;0;0;0;15;10;0;4;0;1;2;19;12;9;no;11;3;3;1;4;3;3;0
6th (44);05:01;0;-4;4;7;13;18;0;6;3;1;3;14;13;1;no;13;3;5;1;1;1;3;0
1st (61);03:44;0;-6;2;3;4;55;3;0;3;1;6;14;0;2;no;14;1;9;1;1;2;1;2
2nd (56);03:33;18;0;5;3;16;0;3;11;1;2;0;5;8;8;no;11;3;0;1;4;2;3;2
3rd (54);03:11;13;-1;3;8;31;0;0;0;2;0;4;2;12;6;yes;1;7;0;0;3;2;3;1
4th (50);03:15;12;0;4;5;10;0;0;19;3;1;1;9;12;8;no;10;2;0;2;4;2;2;2
5th (41);03:40;5;-4;4;10;21;0;5;0;3;0;3;16;2;8;yes;5;4;0;0;3;5;3;0
6th (38);06:21;0;-5;6;7;10;4;0;16;3;0;2;2;14;1;no;13;3;2;2;1;1;4;2
1st (54);02:53;5;-2;4;20;12;0;0;15;4;0;0;4;16;7;no;8;2;0;2;3;2;4;1
2nd (50);03:39;16;-1;5;5;12;10;3;0;3;0;2;4;11;7;no;10;2;3;0;3;1;3;3
3rd (47);03:38;14;0;1;3;27;2;0;0;1;1;2;14;4;8;no;11;5;2;0;3;3;1;2
4th (46);02:30;9;-2;5;10;10;2;0;12;3;1;2;3;5;6;yes;6;2;2;1;3;3;3;0
5th (44);02:44;0;-4;6;10;16;9;7;0;3;1;5;12;1;2;yes;5;5;3;0;1;4;1;0
6th (34);02:57;0;-3;1;10;0;26;0;0;3;1;2;4;4;4;yes;2;0;4;1;2;0;4;3
1st (66);04:37;13;0;2;20;6;0;0;25;4;0;1;8;16;10;no;8;1;0;3;4;1;4;1
2nd (59);03:32;5;-2;3;10;0;43;0;0;3;0;6;14;6;4;no;12;0;9;0;2;1;3;0
3rd (58);03:49;4;-3;1;7;28;0;0;21;3;0;1;4;6;3;no;13;6;0;2;2;2;3;0
4th (53);05:40;11;-1;10;3;16;1;13;0;3;0;3;7;16;7;no;9;4;0;0;3;6;2;2
5th (53);04:04;8;-2;0;3;8;36;0;0;2;0;5;8;2;7;no;14;2;8;0;3;3;1;1
6th (49);04:02;3;-4;2;5;23;10;0;10;3;1;3;16;11;5;no;10;6;2;1;2;1;1;1
1st (57);06:43;5;-3;7;5;30;1;3;9;3;1;2;10;18;1;no;10;6;1;1;1;1;2;2
2nd (57);06:27;8;-3;1;10;22;13;0;6;3;0;2;22;10;2;no;12;4;4;1;1;0;4;1
3rd (52);04:40;0;-4;9;20;12;0;7;8;4;0;2;6;9;0;no;8;3;0;1;0;6;3;1
4th (50);05:35;10;-2;3;7;5;2;0;25;3;0;1;3;8;6;no;13;1;2;3;3;3;3;0
5th (48);05:13;10;-2;0;3;11;26;0;0;1;2;6;10;3;6;yes;7;3;6;0;2;2;1;1
6th (44);04:36;16;-1;7;10;4;4;4;0;3;1;3;5;8;10;yes;2;2;0;1;4;4;3;0
1st (64);03:19;11;-2;4;7;19;0;0;25;3;0;2;3;17;7;no;13;4;0;3;3;1;4;0
2nd (61);03:52;0;-4;1;10;6;48;0;0;3;0;5;2;3;1;yes;2;1;8;0;1;1;2;2
3rd (55);03:34;8;-2;5;15;12;0;9;8;3;1;2;6;2;3;yes;1;2;0;1;2;5;4;0
4th (51);07:06;0;-5;6;3;4;31;5;7;3;0;3;11;3;0;no;14;2;7;1;0;5;2;1
5th (47);03:45;17;0;1;10;14;5;0;0;3;0;1;2;6;8;yes;3;2;3;0;4;0;4;2
6th (41);06:28;14;-1;1;10;17;0;0;0;3;2;2;9;2;9;yes;4;4;0;0;3;4;2;0
1st (64);04:51;13;-2;6;7;25;0;3;12;3;0;1;6;11;8;no;13;6;0;1;3;2;3;0
2nd (62);04:24;10;-2;11;7;8;0;14;14;2;0;1;8;15;3;no;11;2;0;2;1;5;3;3
3rd (57);04:25;16;-1;5;10;13;1;4;9;3;1;1;16;16;8;yes;3;2;1;1;4;2;2;2
4th (57);03:30;0;-5;2;8;0;48;4;0;2;1;6;8;6;0;no;8;0;9;0;0;4;1;1
5th (55);03:47;12;-1;6;10;0;10;3;15;3;1;2;12;13;6;no;12;0;3;2;3;2;3;1
6th (44);03:30;0;-4;1;10;22;10;0;5;3;0;2;21;10;4;yes;2;4;2;1;2;4;2;0
1st (59);03:29;4;-2;3;3;3;31;0;17;3;1;1;10;16;1;no;14;1;7;2;1;0;4;2
2nd (56);02:44;17;0;2;10;21;0;0;6;3;1;1;22;8;8;no;12;4;0;1;4;1;3;1
3rd (53);03:43;5;-4;4;20;16;0;4;8;4;0;0;8;6;6;no;8;4;0;1;2;3;3;1
4th (46);03:35;8;0;2;7;16;4;4;5;2;0;3;16;2;7;no;11;4;2;1;2;2;3;2
5th (43);04:47;0;-3;13;10;14;0;4;5;3;0;1;5;30;7;yes;3;3;0;1;3;4;2;2
6th (43);04:12;5;-2;4;3;17;13;3;0;3;2;1;13;12;4;no;9;3;2;1;2;4;3;1
1st (59);03:32;4;-1;4;5;16;0;8;23;3;0;2;11;10;3;no;10;4;0;3;2;5;1;0
2nd (55);05:55;10;-1;5;3;34;1;3;0;3;1;3;12;17;6;no;14;7;1;0;3;3;2;1
3rd (51);05:55;5;-3;9;10;4;18;0;8;3;1;2;10;23;3;no;12;1;4;2;1;0;4;2
4th (49);03:03;6;-2;3;3;18;13;0;8;3;2;2;16;11;5;no;9;3;3;1;3;3;2;1
5th (48);04:11;14;-1;3;7;6;10;2;7;2;1;1;21;13;10;no;11;1;3;1;3;4;2;1
6th (44);04:00;3;-4;3;15;0;21;2;4;3;0;3;26;22;2;yes;1;0;6;1;1;4;2;1
1st (59);03:24;0;-3;9;3;10;36;4;0;3;1;3;8;29;3;no;14;2;7;1;1;1;3;2
2nd (56);04:02;18;0;5;3;17;0;6;7;1;1;0;13;2;9;no;11;3;0;1;4;5;3;0
3rd (54);03:22;13;-1;1;5;8;5;3;20;3;0;3;8;5;5;no;10;2;3;2;3;3;1;1
4th (54);04:47;0;-3;0;10;27;10;0;10;3;0;3;24;12;3;no;12;5;4;1;1;1;2;1
5th (47);03:25;13;-3;3;3;5;26;0;0;3;2;4;8;4;8;no;9;1;5;0;3;4;3;0
6th (38);06:15;1;-5;6;7;10;0;4;15;3;0;0;2;11;7;no;13;2;0;2;3;2;4;2
1st (62);03:36;8;-2;4;3;23;10;2;14;2;0;4;9;16;7;no;9;4;3;2;3;3;2;1
2nd (52);03:50;6;-2;5;10;20;0;5;8;3;0;2;10;5;4;yes;5;5;0;1;2;3;3;1
3rd (47);04:07;0;-4;5;0;22;21;3;0;1;0;3;4;15;2;no;13;4;6;0;1;1;3;2
4th (44);03:31;13;-1;0;20;7;0;0;5;4;2;1;13;0;8;no;8;2;0;1;3;2;3;1
5th (42);04:44;10;0;4;10;6;9;3;0;3;1;1;22;13;7;yes;4;1;2;1;3;3;2;2
6th (42);04:04;1;-3;3;10;4;16;0;11;3;0;3;5;14;1;yes;3;1;5;2;1;3;3;0
1st (61);03:31;4;-3;5;20;13;0;5;17;4;0;1;12;11;1;no;8;3;0;2;1;5;2;1
2nd (55);04:01;16;-1;5;5;15;0;0;15;3;0;1;12;16;11;no;10;3;0;1;5;3;2;1
3rd (50);06:55;18;0;3;3;23;0;3;0;2;0;4;5;4;8;yes;4;5;0;0;3;5;3;0
4th (46);04:25;5;-5;1;0;2;43;0;0;2;0;6;4;5;6;no;13;1;8;1;2;0;2;2
5th (40);02:51;0;-5;3;10;13;18;1;0;3;0;3;10;5;4;no;12;2;5;0;2;1;3;2
6th (36);02:58;7;-2;4;3;13;0;4;7;2;2;2;9;11;10;no;9;2;0;1;5;4;4;0
1st (59);07:03;9;-2;7;3;2;18;0;22;3;0;2;12;19;4;no;14;1;5;3;3;2;3;1
2nd (55);05:16;0;-5;3;15;37;0;5;0;3;0;4;12;8;0;yes;1;8;0;0;0;5;2;0
3rd (54);05:46;16;-1;1;3;11;13;2;9;3;0;4;11;12;10;no;9;3;3;1;4;3;2;1
4th (50);05:10;10;-2;8;7;12;13;2;0;2;1;3;12;8;5;no;11;2;3;1;1;4;4;0
5th (49);06:55;1;-4;4;10;14;13;6;5;3;1;1;12;12;1;yes;3;2;4;1;1;2;1;3
6th (41);07:13;16;-2;1;0;12;5;2;7;1;0;4;8;8;10;no;13;3;3;1;4;2;4;0
1st (66);02:27;18;0;9;7;19;0;3;10;3;0;0;0;12;5;no;13;3;0;1;3;3;4;1
2nd (65);03:15;16;0;7;7;19;0;4;12;2;0;3;5;16;7;no;11;4;0;2;2;4;4;0
3rd (46);04:30;0;-5;0;3;6;28;0;14;1;1;4;4;2;0;yes;7;1;7;2;0;3;2;1
4th (45);04:43;17;0;0;5;10;13;0;0;3;1;1;13;4;6;no;10;2;3;1;3;2;1;2
5th (43);05:24;0;-5;5;20;15;0;8;0;4;1;1;14;12;3;no;8;4;0;0;1;2;4;2
6th (35);04:56;0;-5;2;10;16;10;2;0;3;2;0;14;4;1;yes;5;3;3;0;1;2;3;1
1st (56);06:12;4;-2;8;15;8;0;9;14;3;2;1;18;8;3;yes;1;2;0;2;2;6;1;0
2nd (56);03:48;13;0;4;7;10;16;0;6;3;0;2;0;14;6;no;13;2;3;2;3;1;3;1
3rd (46);06:04;10;-3;3;3;19;10;0;4;2;0;2;10;10;8;yes;7;3;3;1;3;2;3;2
4th (45);04:04;11;-2;3;10;0;0;11;12;3;0;3;9;4;7;yes;4;0;0;2;2;6;5;0
5th (43);04:03;0;-4;3;3;6;31;4;0;2;2;3;2;2;1;yes;2;1;6;0;1;1;3;2
6th (42);04:15;9;-2;2;5;28;0;0;0;2;0;2;4;5;6;no;10;6;0;0;3;3;4;0
1st (74);09:53;18;0;8;3;26;0;8;11;2;0;3;6;14;6;no;9;5;0;1;3;5;3;1
2nd (62);05:39;18;0;3;7;16;1;0;17;3;1;3;10;10;6;no;13;4;1;2;3;2;2;0
3rd (62);04:23;18;0;2;7;16;4;7;8;2;0;3;20;8;5;no;11;4;2;1;2;4;3;0
4th (50);05:04;0;-6;1;3;9;31;5;7;3;0;5;14;4;2;no;14;2;7;1;1;4;2;1
5th (48);03:52;0;-6;5;5;19;18;0;7;3;1;1;10;14;0;no;10;3;4;1;0;1;2;3
6th (46);05:06;0;-6;9;10;11;13;4;5;3;0;4;8;18;2;no;12;3;4;1;1;1;3;2
1st (69);03:00;0;-5;2;3;20;36;4;9;3;0;2;14;7;1;no;9;3;4;2;1;2;3;2
2nd (61);03:25;17;0;6;7;20;0;3;8;3;0;0;1;2;9;no;13;4;0;1;4;4;2;0
3rd (58);02:49;5;-2;2;10;11;16;0;16;3;0;3;12;7;3;no;12;3;5;2;1;0;2;2
4th (57);03:43;18;0;9;7;6;1;4;12;2;0;1;10;18;10;no;11;1;1;2;5;2;4;1
5th (50);03:15;8;-3;7;20;9;0;9;0;4;0;2;3;8;8;no;8;2;0;0;3;5;4;0
6th (41);03:20;0;-4;3;10;7;25;0;0;3;2;2;10;8;0;yes;7;1;7;0;0;2;3;1
1st (53);03:35;0;-4;10;3;0;31;5;8;2;1;4;6;30;4;yes;7;0;7;1;2;1;5;0
2nd (52);02:46;10;-2;3;10;29;0;2;0;3;0;1;4;9;6;yes;3;6;0;0;2;2;4;1
3rd (51);05:05;13;0;5;3;5;1;9;15;3;1;1;15;8;9;no;9;1;0;2;4;6;2;1
4th (49);03:13;17;0;5;7;7;0;0;13;2;2;1;16;7;10;no;11;1;0;2;4;3;2;2
5th (48);04:17;4;-2;9;7;12;0;11;7;3;1;3;4;5;3;no;13;3;0;1;2;7;1;0
6th (46);03:57;0;-4;1;10;23;16;0;0;3;2;5;14;0;0;yes;5;5;3;1;0;1;2;1
1st (62);04:37;18;0;0;20;24;0;0;0;4;1;1;4;2;3;no;8;5;0;0;2;1;3;2
2nd (57);04:17;0;-3;1;0;6;47;0;6;2;0;5;14;14;2;no;13;1;8;2;1;1;3;0
3rd (52);04:12;13;-1;8;7;20;0;5;0;2;1;2;14;8;11;no;11;4;0;0;4;5;2;0
4th (50);04:41;0;-6;9;10;20;0;9;8;3;0;0;0;14;0;yes;3;4;0;1;0;3;4;3
5th (47);04:29;0;-3;3;3;5;18;4;17;3;1;5;6;7;2;no;14;2;5;2;1;4;3;0
6th (41);04:42;14;-2;5;10;14;0;0;0;3;0;0;18;11;12;yes;5;2;0;0;5;2;4;2
1st (69);03:05;15;0;2;10;19;0;0;23;3;0;1;9;4;7;no;12;4;0;2;3;2;4;0
2nd (61);04:01;17;0;6;7;19;0;5;7;2;0;2;8;9;9;no;11;3;0;1;3;5;4;0
3rd (59);03:58;0;-4;4;3;0;25;6;25;3;0;0;6;11;3;no;9;0;5;3;1;3;2;3
4th (58);05:18;0;-5;0;3;17;43;0;0;3;0;4;9;4;1;no;14;3;9;0;1;2;1;2
5th (53);02:57;9;-2;8;7;14;0;10;7;3;0;2;10;10;8;no;13;3;0;1;4;5;2;0
6th (45);04:08;5;-3;7;15;17;1;3;0;3;0;3;8;12;6;yes;1;5;1;0;2;2;4;1
1st (58);02:18;9;-2;7;5;30;0;3;6;3;1;3;2;10;4;no;10;6;0;0;2;4;2;0
2nd (55);03:23;0;-6;3;3;25;10;3;17;3;1;1;6;9;0;no;9;5;2;2;0;2;3;2
3rd (54);02:50;18;0;2;3;19;1;4;7;3;0;2;10;4;6;no;14;4;1;2;3;4;2;2
4th (50);02:50;0;-4;6;10;7;31;0;0;3;0;4;8;8;0;yes;5;2;7;0;0;2;2;2
5th (50);05:29;5;-3;3;7;0;9;4;25;3;0;2;4;6;3;no;13;0;3;3;1;4;4;0
6th (46);03:54;17;0;5;7;0;9;2;6;2;4;5;12;5;10;no;11;0;3;1;4;1;3;0
1st (67);03:01;17;0;5;3;26;0;0;16;1;0;2;9;18;5;yes;6;6;0;2;3;3;3;0
2nd (61);04:21;5;0;4;3;6;43;0;0;3;0;6;7;12;3;no;14;1;9;0;1;3;4;0
3rd (50);04:28;0;-4;4;3;9;26;6;6;3;3;3;10;7;0;no;9;2;6;1;0;1;2;3
4th (45);03:45;17;0;3;10;15;0;0;0;3;3;2;4;5;8;yes;4;3;0;0;3;0;6;0
5th (44);04:34;0;-4;0;5;17;10;0;16;3;0;1;11;11;3;no;10;3;2;3;2;1;2;2
6th (41);02:54;0;-3;5;8;20;0;7;4;2;1;2;14;2;3;yes;1;5;0;1;1;5;2;1
1st (56);10:15;11;-1;3;7;23;1;4;8;2;0;0;13;3;4;no;11;4;0;2;1;4;4;1
2nd (54);03:59;9;-1;8;7;19;1;5;6;3;0;1;6;13;6;no;13;4;1;1;3;4;2;0
3rd (53);05:37;10;0;4;10;13;0;7;9;3;0;1;25;8;9;no;12;3;0;1;4;4;2;1
4th (45);07:41;0;-5;3;3;8;36;0;0;3;1;3;2;9;0;no;14;3;8;0;0;1;3;2
5th (43);06:31;10;-3;4;5;17;0;0;10;3;0;0;3;10;8;no;10;3;0;1;3;3;3;2
6th (39);07:54;4;-2;5;15;8;9;0;0;3;1;2;8;14;6;yes;1;2;3;0;3;3;2;1
1st (57);04:16;7;-2;4;10;16;0;0;22;3;0;1;8;11;3;yes;7;4;0;3;2;3;3;1
2nd (57);02:55;4;-4;3;10;0;38;6;0;3;0;3;10;11;1;yes;2;0;7;0;1;2;2;3
3rd (56);04:02;3;-5;5;10;14;26;3;0;3;0;3;14;4;2;no;12;2;6;0;1;3;1;2
4th (53);04:01;10;-4;1;20;19;0;0;7;4;0;1;15;10;6;no;8;5;0;1;2;2;3;1
5th (50);04:10;18;0;4;5;17;0;6;0;2;2;0;7;8;6;no;10;4;0;0;4;2;4;0
6th (47);04:31;11;-2;7;7;23;1;0;0;2;1;2;4;14;6;no;11;5;1;0;2;3;3;1
1st (63);03:35;13;-1;6;15;17;0;0;13;3;0;0;10;18;10;yes;1;3;0;1;5;2;4;0
2nd (63);02:54;0;-5;3;0;10;55;0;0;2;1;6;6;12;0;no;13;2;10;0;0;0;2;1
3rd (53);03:43;5;-3;8;5;12;0;6;20;2;0;0;0;18;6;no;10;3;0;2;2;2;4;3
4th (53);06:14;11;-1;0;3;36;1;3;0;2;1;2;18;2;2;yes;7;7;1;0;1;3;3;1
5th (50);04:22;4;-1;10;7;5;0;13;12;2;1;2;7;2;6;no;11;1;0;1;2;8;3;0
6th (27);05:44;10;-2;0;3;0;10;6;0;2;0;2;16;5;12;no;9;0;3;0;5;3;3;3
1st (57);05:43;10;-2;2;5;28;0;0;14;3;1;2;12;14;6;no;10;6;0;1;3;1;2;1
2nd (52);06:18;1;-4;1;3;15;36;0;0;3;0;1;10;6;1;no;14;3;8;0;1;1;3;2
3rd (50);03:18;16;-2;2;20;0;10;4;0;4;1;2;10;11;10;no;8;0;3;0;4;2;4;0
4th (49);04:37;8;0;5;10;10;16;0;0;3;0;4;4;8;6;no;12;2;5;0;3;1;2;2
5th (47);07:44;9;0;4;7;11;0;2;14;2;1;1;10;0;6;no;11;2;0;2;2;5;4;0
6th (45);07:50;0;-6;9;7;16;1;4;14;3;0;2;6;13;0;no;13;4;1;2;0;4;3;1
1st (65);06:29;0;-2;3;3;6;48;0;7;3;0;6;4;6;3;no;14;1;8;2;2;1;2;2
2nd (55);04:18;11;-3;3;5;28;0;0;11;3;0;1;10;20;7;no;10;6;0;1;3;2;3;0
3rd (51);05:11;8;0;9;3;7;1;7;16;2;0;1;4;20;6;no;9;1;1;2;3;5;4;2
4th (46);05:20;1;-4;4;10;25;0;3;7;3;1;0;20;8;4;no;12;5;0;1;2;1;3;2
5th (43);06:47;11;-1;0;7;0;21;0;5;3;1;2;20;8;9;no;13;0;6;1;4;1;2;0
6th (42);04:03;5;0;2;20;7;0;0;8;4;0;0;6;2;6;no;8;2;0;1;3;2;5;1
1st (76);04:24;11;-2;6;3;8;10;0;40;2;0;1;10;10;4;no;14;1;2;5;2;2;4;2
2nd (53);03:37;16;-1;4;3;11;0;5;15;2;0;4;3;6;7;yes;3;3;0;2;3;5;3;0
3rd (50);04:33;0;-4;1;3;16;34;0;0;3;3;6;12;5;0;no;9;3;7;0;0;0;1;3
4th (45);03:18;6;-3;4;7;3;28;0;0;3;0;3;2;14;7;no;13;1;7;0;3;1;3;0
5th (43);02:54;2;-4;7;10;21;0;7;0;3;1;1;8;2;2;no;12;4;0;0;2;2;4;2
6th (38);04:07;16;-1;3;3;8;2;7;0;2;1;1;8;6;8;yes;4;2;2;0;3;4;3;1
1st (63);05:25;10;-2;0;3;8;36;0;8;3;0;4;14;2;3;no;14;1;7;2;2;4;2;0
2nd (62);06:51;18;0;8;7;8;0;0;21;2;0;0;3;22;11;no;11;2;0;2;4;2;4;2
3rd (43);04:21;0;-6;4;10;25;0;3;7;3;0;1;6;3;0;yes;3;6;0;1;0;3;3;2
4th (42);03:51;5;-2;5;3;5;18;8;0;3;1;2;8;8;4;no;9;1;4;0;3;4;2;2
5th (41);06:44;13;-2;5;10;14;0;1;0;3;2;1;8;17;10;yes;6;3;0;0;4;1;5;0
6th (36);03:34;5;-5;1;8;19;0;0;8;2;2;2;18;5;8;yes;1;4;0;1;3;2;2;2
1st (54);06:05;8;-1;7;15;11;0;0;14;3;0;1;6;18;7;yes;1;2;0;2;3;1;5;2
2nd (48);05:27;9;-2;0;5;21;9;0;6;3;1;1;6;2;4;no;10;5;2;1;2;0;2;2
3rd (47);06:28;8;-1;3;10;21;1;5;0;3;0;1;15;4;7;yes;2;4;0;0;3;4;2;2
4th (46);04:28;4;-3;3;10;7;16;0;9;3;0;2;4;2;3;no;12;1;5;1;2;0;4;2
5th (43);05:34;5;-3;5;7;0;17;3;9;3;1;2;3;6;3;no;13;0;5;1;2;3;2;1
6th (41);05:05;10;-4;2;10;12;1;4;6;3;0;4;2;4;6;yes;7;3;1;1;2;4;4;1
1st (67);06:32;18;0;2;7;7;0;0;33;2;0;0;19;14;9;no;11;2;0;4;3;2;3;2
2nd (58);04:42;8;-3;11;3;18;10;11;0;3;2;2;6;14;5;no;9;3;2;0;2;4;3;2
3rd (58);05:18;0;-5;3;3;9;48;0;0;3;0;4;12;11;0;no;14;2;9;0;0;2;3;1
4th (47);05:18;14;-1;5;10;12;1;6;0;3;0;1;6;4;7;yes;5;2;1;0;3;3;6;0
5th (47);05:23;0;-6;0;5;39;0;1;8;3;0;4;14;8;3;no;10;10;0;0;1;3;1;0
6th (46);03:41;12;-1;3;7;6;10;0;9;3;1;2;6;12;6;no;13;1;3;1;3;2;2;2
1st (65);03:43;11;-2;3;10;21;0;0;22;3;1;1;8;8;4;yes;3;4;0;3;2;2;2;1
2nd (56);04:11;13;0;5;20;8;0;0;10;4;0;1;4;14;9;no;8;1;0;1;4;2;5;1
3rd (50);04:09;14;-1;5;3;23;0;0;6;2;0;2;4;4;6;yes;7;5;0;1;3;4;3;1
4th (43);04:35;0;-4;8;10;18;0;11;0;3;0;2;10;4;4;no;12;4;0;0;2;5;3;1
5th (42);04:10;0;-5;7;3;3;16;13;5;3;0;1;8;6;0;no;9;1;4;1;0;4;4;3
6th (42);03:38;9;-1;2;7;8;17;0;0;3;2;3;6;4;6;no;13;2;5;0;3;1;2;0
1st (56);06:21;4;-3;3;2;6;38;0;6;1;2;5;8;10;3;no;14;1;7;2;2;0;2;2
2nd (56);04:17;11;-1;1;7;32;0;0;6;2;0;3;16;5;8;no;11;7;0;1;3;2;3;0
3rd (46);08:22;5;-3;6;15;19;1;3;0;3;1;2;10;8;5;yes;1;4;1;0;2;4;2;1
4th (44);04:55;10;-1;3;5;0;9;0;18;3;0;3;2;12;9;no;10;0;3;2;4;2;3;1
5th (41);04:57;4;-2;1;10;15;13;0;0;3;1;2;13;3;6;yes;2;3;3;0;3;2;2;1
6th (32);07:10;10;-2;7;3;6;2;6;0;1;0;2;6;17;11;yes;5;1;2;0;4;4;6;0
1st (55);04:41;10;-2;10;0;8;0;10;19;0;0;1;0;21;8;yes;7;2;0;2;3;3;6;2
2nd (51);05:53;5;-3;3;20;6;10;4;6;4;0;1;17;18;2;no;8;1;3;1;2;4;3;0
3rd (48);06:39;3;-3;5;10;25;0;3;5;3;1;3;12;4;2;yes;5;6;0;1;1;3;2;1
4th (47);05:39;11;-3;7;3;23;0;6;0;2;1;2;6;13;7;yes;6;5;0;0;3;3;3;1
5th (46);05:17;4;-3;1;10;16;18;0;0;3;0;4;17;0;3;yes;3;3;4;1;2;4;1;0
6th (44);04:52;16;-1;5;3;8;0;5;8;1;1;1;16;12;9;no;11;2;0;2;4;3;3;2
1st (69);03:30;17;0;7;7;4;0;8;26;3;0;1;4;6;8;no;13;1;0;3;4;5;2;0
2nd (67);03:15;9;0;5;10;14;16;0;13;3;0;0;4;8;3;no;12;2;3;2;2;2;4;0
3rd (55);04:10;18;0;12;0;13;2;10;0;0;0;1;2;7;6;no;11;3;2;0;3;4;3;3
4th (46);05:42;0;-2;1;3;17;25;2;0;2;1;6;8;4;3;yes;2;4;5;0;2;1;2;1
5th (43);04:55;0;-6;1;3;4;36;0;5;1;0;4;11;4;0;yes;3;1;8;1;0;3;2;2
6th (40);05:03;0;-6;1;13;32;0;0;0;3;1;2;2;2;0;no;8;7;0;0;0;0;5;2
